date,close,high,low,open,pre,change,rate,volume,amount
2019/1/2,2969.5353,3018.7759,2958.4883,3017.0674,3010.6536,-41.1183,-1.3658,6866302100,76105571278
2019/1/3,2964.8421,3000.4413,2953.2548,2963.0186,2969.5353,-4.6932,-0.158,7086710300,76664797393
2019/1/4,3035.8741,3036.8147,2935.8295,2940.1916,2964.8421,71.032,2.3958,10331897200,1.07141037088e+11
2019/1/7,3054.303,3061.749,3035.9123,3055.1535,3035.8741,18.4289,0.607,10116435900,1.05703940791e+11
2019/1/8,3047.7035,3055.51,3038.5339,3049.8747,3054.303,-6.5995,-0.2161,8617058500,79628882664
2019/1/9,3078.4759,3117.9614,3062.8474,3065.2307,3047.7035,30.7724,1.0097,10736435000,1.17129678906e+11
2019/1/10,3072.6864,3092.5411,3062.5721,3077.4817,3078.4759,-5.7895,-0.1881,8527175600,90206871737
2019/1/11,3094.7782,3102.8333,3071.0264,3082.2615,3072.6864,22.0918,0.719,7178642400,77420239579
2019/1/14,3067.7845,3097.4064,3064.3827,3092.4984,3094.7782,-26.9937,-0.8722,6612170200,68115969095
2019/1/15,3127.9904,3129.3708,3064.6705,3071.5185,3067.7845,60.2059,1.9625,8877296200,99976891144
2019/1/16,3128.6517,3135.0117,3117.2926,3126.1347,3127.9904,0.6613,0.0211,8021434100,85781591791
2019/1/17,3111.4168,3141.7099,3110.0608,3132.6285,3128.6517,-17.2349,-0.5509,8017487100,82888206986
2019/1/18,3168.1739,3171.6864,3120.3458,3124.5025,3111.4168,56.7571,1.8242,10396383400,1.06780658491e+11
2019/1/21,3185.6364,3199.2134,3170.8773,3170.8773,3168.1739,17.4625,0.5512,9391502200,1.0553698658e+11
2019/1/22,3143.3171,3181.9494,3135.3378,3181.9494,3185.6364,-42.3193,-1.3284,7299052800,78150876313
2019/1/23,3141.0532,3157.6269,3131.8673,3136.096,3143.3171,-2.2639,-0.072,5987047800,62669652004
2019/1/24,3158.7817,3165.6296,3125.3008,3146.6046,3141.0532,17.7285,0.5644,7293463600,80963877219
2019/1/25,3184.4696,3203.1747,3164.4082,3165.1814,3158.7817,25.6879,0.8132,8396772900,93207954748
2019/1/28,3183.7777,3228.8678,3174.7243,3203.1189,3184.4696,-0.6919,-0.0217,8262243100,97371496147
2019/1/29,3193.9698,3200.9898,3148.2345,3177.261,3183.7777,10.1921,0.3201,7765833400,85943908590
2019/1/30,3168.4829,3202.896,3167.8934,3181.6551,3193.9698,-25.4869,-0.798,6374651700,73005123447
2019/1/31,3201.6331,3216.0673,3178.0105,3182.6987,3168.4829,33.1502,1.0462,8624783900,97509924771
2019/2/1,3247.3971,3247.4956,3207.7168,3225.7335,3201.6331,45.764,1.4294,8201964100,94766412763
2019/2/11,3306.4725,3307.0638,3239.8079,3239.8079,3247.3971,59.0754,1.8192,9881843400,1.14752354821e+11
2019/2/12,3330.3353,3335.3606,3298.6337,3306.3523,3306.4725,23.8628,0.7217,12223246200,1.22834101007e+11
2019/2/13,3397.0276,3405.5773,3329.1436,3337.7794,3330.3353,66.6923,2.0026,16382833200,1.68866262062e+11
2019/2/14,3402.1403,3415.3994,3381.9821,3392.8547,3397.0276,5.1127,0.1505,15112729000,1.38649287971e+11
2019/2/15,3338.7047,3395.0294,3335.8705,3391.242,3402.1403,-63.4356,-1.8646,14366860300,1.41555060948e+11
2019/2/18,3445.7448,3445.7448,3366.423,3366.423,3338.7047,107.0401,3.206,18288608900,1.80449742544e+11
2019/2/19,3439.6078,3480.7938,3419.0731,3454.7216,3445.7448,-6.137,-0.1781,17908378500,1.85762746553e+11
2019/2/20,3451.9273,3463.7735,3421.505,3449.9321,3439.6078,12.3195,0.3582,14739031100,1.4557026307e+11
2019/2/21,3442.7056,3500.2519,3431.631,3450.1411,3451.9273,-9.2217,-0.2671,18014328700,1.85197154785e+11
2019/2/22,3520.1182,3520.1182,3417.9784,3439.3781,3442.7056,77.4126,2.2486,18723797400,2.02869288708e+11
2019/2/25,3729.4831,3729.4831,3574.6885,3575.8528,3520.1182,209.3649,5.9477,34255712200,3.76382393433e+11
2019/2/26,3684.6935,3762.1128,3679.2705,3734.7059,3729.4831,-44.7896,-1.201,35803869800,3.87632860075e+11
2019/2/27,3678.3921,3737.6317,3638.3334,3682.8116,3684.6935,-6.3014,-0.171,28623600700,3.07306148139e+11
2019/2/28,3669.3703,3695.4646,3650.0537,3675.2642,3678.3921,-9.0218,-0.2453,18481022000,2.06010958185e+11
2019/3/1,3749.7143,3749.7143,3668.7653,3699.2157,3669.3703,80.344,2.1896,20471100400,2.35620623488e+11
2019/3/4,3794.104,3886.5797,3764.7764,3783.0367,3749.7143,44.3897,1.1838,32349012600,3.76397284706e+11
2019/3/5,3816.0132,3816.1621,3770.7858,3785.3762,3794.104,21.9092,0.5775,23085316600,2.61464122212e+11
2019/3/6,3848.0903,3855.1556,3787.5225,3822.8588,3816.0132,32.0771,0.8406,31807737100,3.31155616598e+11
2019/3/7,3808.8497,3845.182,3778.8004,3841.1456,3848.0903,-39.2406,-1.0197,32984654800,3.59339152916e+11
2019/3/8,3657.579,3774.5431,3656.1917,3721.4016,3808.8497,-151.2707,-3.9716,31799007700,3.49296691227e+11
2019/3/11,3729.9546,3731.9091,3650.8125,3663.9772,3657.579,72.3756,1.9788,23091286500,2.68718458804e+11
2019/3/12,3755.3519,3804.72,3723.6785,3758.3151,3729.9546,25.3973,0.6809,27492638200,3.25180619759e+11
2019/3/13,3724.1941,3763.0926,3708.8145,3758.713,3755.3519,-31.1578,-0.8297,23368224800,2.8617104816e+11
2019/3/14,3698.4858,3747.819,3673.8509,3710.2934,3724.1941,-25.7083,-0.6903,19081723700,2.3182014939e+11
2019/3/15,3745.005,3782.2364,3713.936,3713.936,3698.4858,46.5192,1.2578,17517454400,2.24194362925e+11
2019/3/18,3851.7479,3851.7479,3733.6781,3753.6436,3745.005,106.7429,2.8503,21692806000,2.7647344887e+11
2019/3/19,3833.9626,3868.335,3815.2187,3856.5885,3851.7479,-17.7853,-0.4617,18172711000,2.24096889634e+11
2019/3/20,3835.4397,3855.1465,3790.5119,3825.3356,3833.9626,1.4771,0.0385,17563209000,2.15406993602e+11
2019/3/21,3836.8913,3864.0696,3823.4661,3840.2783,3835.4397,1.4516,0.0378,19631031000,2.31993445602e+11
2019/3/22,3833.8013,3845.5808,3786.5917,3838.1255,3836.8913,-3.09,-0.0805,17135699300,1.98518386319e+11
2019/3/25,3742.8252,3807.1793,3741.6062,3776.4426,3833.8013,-90.9761,-2.373,19858632900,2.23396564361e+11
2019/3/26,3700.4388,3770.843,3687.5472,3766.5287,3742.8252,-42.3864,-1.1325,17304657900,1.96547811179e+11
2019/3/27,3743.3878,3750.2642,3703.4508,3724.4058,3700.4388,42.949,1.1606,13875845400,1.77507528442e+11
2019/3/28,3728.3953,3755.716,3710.0814,3731.0612,3743.3878,-14.9925,-0.4005,13327212900,1.72604392908e+11
2019/3/29,3872.3412,3876.379,3739.7739,3739.7739,3728.3953,143.9459,3.8608,21563910300,2.83022298648e+11
2019/4/1,3973.928,3982.9091,3901.1698,3901.1698,3872.3412,101.5868,2.6234,27138270400,3.40799403573e+11
2019/4/2,3971.2852,3988.0975,3956.5059,3986.3443,3973.928,-2.6428,-0.0665,22600034100,2.81892057021e+11
2019/4/3,4022.1566,4026.4972,3939.7837,3947.8697,3971.2852,50.8714,1.281,23191736800,2.84826495445e+11
2019/4/4,4062.2309,4072.1138,4021.7055,4039.7415,4022.1566,40.0743,0.9963,26041093900,3.13539431378e+11
2019/4/8,4057.2286,4122.6034,4017.4887,4097.1027,4062.2309,-5.0023,-0.1231,26750557600,3.24670452523e+11
2019/4/9,4075.4301,4084.243,4038.2825,4063.8139,4057.2286,18.2015,0.4486,18295680800,2.43187913128e+11
2019/4/10,4085.847,4115.378,4035.4741,4062.4425,4075.4301,10.4169,0.2556,19468761300,2.78282025052e+11
2019/4/11,3997.5778,4097.1249,3990.239,4083.4618,4085.847,-88.2692,-2.1604,16904964100,2.36259156719e+11
2019/4/12,3988.6168,4006.9335,3961.464,3986.7822,3997.5778,-8.961,-0.2242,13586211800,1.78795939062e+11
2019/4/15,3975.5244,4085.3882,3974.2264,4056.4919,3988.6168,-13.0924,-0.3282,18264557100,2.36298721391e+11
2019/4/16,4085.7891,4085.7891,3943.4879,3958.0963,3975.5244,110.2647,2.7736,20204196600,2.50569206656e+11
2019/4/17,4087.2398,4106.6158,4057.5032,4080.7172,4085.7891,1.4507,0.0355,18036711700,2.28824429887e+11
2019/4/18,4072.0753,4094.0533,4056.2356,4085.1148,4087.2398,-15.1645,-0.371,14656212300,1.87812687766e+11
2019/4/19,4120.6078,4120.6356,4046.2042,4076.2953,4072.0753,48.5325,1.1918,15079491000,1.94701690763e+11
2019/4/22,4025.6109,4126.0907,4015.4748,4125.9717,4120.6078,-94.9969,-2.3054,18935374500,2.44380549239e+11
2019/4/23,4019.0053,4061.0858,4005.2832,4021.6277,4025.6109,-6.6056,-0.1641,15561165000,2.04121505816e+11
2019/4/24,4030.0887,4044.3375,3967.8058,4033.6292,4019.0053,11.0834,0.2758,14549869500,1.86497961652e+11
2019/4/25,3941.816,4022.5631,3938.3251,4013.6027,4030.0887,-88.2727,-2.1903,15972207100,1.97530997752e+11
2019/4/26,3889.2748,3943.8331,3887.2525,3921.8909,3941.816,-52.5412,-1.3329,14200806800,1.86572137127e+11
2019/4/29,3900.3339,3953.2288,3875.452,3896.5824,3889.2748,11.0591,0.2843,15387092700,2.03946553152e+11
2019/4/30,3913.211,3923.1082,3885.147,3887.1799,3900.3339,12.8771,0.3302,11623337600,1.61665923924e+11
2019/5/6,3684.6168,3791.6119,3647.1405,3775.0765,3913.211,-228.5942,-5.8416,19747288200,2.54115400089e+11
2019/5/7,3720.6684,3738.1767,3671.8341,3702.2656,3684.6168,36.0516,0.9784,13284765400,1.83659159181e+11
2019/5/8,3667.4574,3722.9325,3642.4981,3648.5489,3720.6684,-53.211,-1.4301,11286735500,1.45058486354e+11
2019/5/9,3599.7001,3656.8966,3584.8227,3637.346,3667.4574,-67.7573,-1.8475,10103739400,1.4182909576e+11
2019/5/10,3730.4513,3732.9238,3589.2906,3643.0557,3599.7001,130.7512,3.6323,14800384700,1.95067170793e+11
2019/5/13,3668.7255,3702.9012,3658.0004,3675.7597,3730.4513,-61.7258,-1.6546,10339186000,1.35053926707e+11
2019/5/14,3645.1503,3683.2619,3630.4388,3630.4388,3668.7255,-23.5752,-0.6426,10231346000,1.35262868908e+11
2019/5/15,3727.0923,3741.0406,3674.9931,3674.9931,3645.1503,81.942,2.248,11016176900,1.52534546781e+11
2019/5/16,3743.9635,3745.1405,3707.9032,3720.039,3727.0923,16.8712,0.4527,11625827400,1.39851940057e+11
2019/5/17,3648.7609,3745.3555,3637.5826,3744.8751,3743.9635,-95.2026,-2.5428,12845324500,1.54092349652e+11
2019/5/20,3617.7924,3644.5,3583.8324,3635.7357,3648.7609,-30.9685,-0.8487,10896347700,1.34194262584e+11
2019/5/21,3666.7762,3690.0884,3610.6817,3619.4369,3617.7924,48.9838,1.354,11102292000,1.33071381089e+11
2019/5/22,3649.3796,3679.2727,3634.7479,3663.1533,3666.7762,-17.3966,-0.4744,9834612800,1.21775244163e+11
2019/5/23,3583.9646,3631.4743,3578.1129,3629.5284,3649.3796,-65.415,-1.7925,9989778100,1.25611969477e+11
2019/5/24,3593.9139,3623.3904,3580.7853,3584.9016,3583.9646,9.9493,0.2776,8093404800,1.0133749638e+11
2019/5/27,3637.1971,3648.0267,3556.2567,3592.6027,3593.9139,43.2832,1.2043,10883087100,1.33399053908e+11
2019/5/28,3672.2605,3683.2306,3627.7878,3633.0182,3637.1971,35.0634,0.964,11788624000,1.48966334657e+11
2019/5/29,3663.909,3693.2273,3637.3481,3642.5415,3672.2605,-8.3515,-0.2274,9335544100,1.20002034237e+11
2019/5/30,3641.1833,3650.9718,3612.6248,3648.8495,3663.909,-22.7257,-0.6203,9420256100,1.12864079305e+11
2019/5/31,3629.7893,3668.1796,3627.5448,3640.9963,3641.1833,-11.394,-0.3129,8922226700,1.08264201339e+11
2019/6/3,3632.0127,3672.8136,3613.1274,3640.6126,3629.7893,2.2234,0.0613,10072318000,1.23902446407e+11
2019/6/4,3598.4666,3636.128,3584.4612,3632.5602,3632.0127,-33.5461,-0.9236,8709709400,1.09467236536e+11
2019/6/5,3597.105,3634.4536,3593.9515,3627.7947,3598.4666,-1.3616,-0.0378,8864202000,1.14634228239e+11
2019/6/6,3564.6778,3601.0356,3557.0167,3601.0356,3597.105,-32.4272,-0.9015,8553440300,1.04367267724e+11
2019/6/10,3610.7435,3623.7301,3568.2787,3578.0084,3564.6778,46.0657,1.2923,9237506100,1.17346608912e+11
2019/6/11,3719.2759,3723.1419,3617.5239,3617.5239,3610.7435,108.5324,3.0058,14348280600,1.80899072311e+11
2019/6/12,3691.0957,3711.8793,3683.9394,3706.8635,3719.2759,-28.1802,-0.7577,11917885300,1.32296097905e+11
2019/6/13,3685.3933,3697.5917,3654.2742,3689.5834,3691.0957,-5.7024,-0.1545,9633171800,1.10459901918e+11
2019/6/14,3654.8799,3709.6521,3650.9096,3690.4763,3685.3933,-30.5134,-0.828,10181700400,1.16584260575e+11
2019/6/17,3654.8248,3683.7743,3645.4982,3654.4433,3654.8799,-0.0551,-0.0015,7297667800,93092581298
2019/6/18,3667.6185,3675.6452,3638.78,3661.1299,3654.8248,12.7937,0.35,7069226600,89472839848
2019/6/19,3715.9381,3771.347,3715.1331,3761.3381,3667.6185,48.3196,1.3175,12559571500,1.72574177792e+11
2019/6/20,3828.5183,3845.7912,3717.1857,3718.9416,3715.9381,112.5802,3.0297,16887207300,2.27726981966e+11
2019/6/21,3833.9383,3856.0856,3817.3068,3832.7321,3828.5183,5.42,0.1416,15363515500,1.99961617616e+11
2019/6/24,3841.2659,3853.5452,3819.7692,3836.3051,3833.9383,7.3276,0.1911,10008462100,1.43644731704e+11
2019/6/25,3801.3098,3838.0578,3755.0099,3837.4259,3841.2659,-39.9561,-1.0402,12407591200,1.69358793347e+11
2019/6/26,3794.331,3809.758,3771.7164,3779.5125,3801.3098,-6.9788,-0.1836,8182028300,1.12106859022e+11
2019/6/27,3834.8172,3854.0801,3805.8328,3807.5376,3794.331,40.4862,1.067,10531635800,1.5648341819e+11
2019/6/28,3825.5873,3835.2326,3803.0546,3832.0599,3834.8172,-9.2299,-0.2407,8476613900,1.16512050674e+11
2019/7/1,3935.8116,3936.668,3886.909,3899.3313,3825.5873,110.2243,2.8812,15837034000,2.17470251111e+11
2019/7/2,3937.1691,3942.4257,3918.9378,3931.0486,3935.8116,1.3575,0.0345,13186349600,1.73997045122e+11
2019/7/3,3893.5341,3927.4365,3878.8405,3927.4365,3937.1691,-43.635,-1.1083,11199260300,1.63145730935e+11
2019/7/4,3873.1019,3906.8894,3854.693,3895.1978,3893.5341,-20.4322,-0.5248,9934225600,1.42669255177e+11
2019/7/5,3893.2025,3900.3095,3857.928,3875.3736,3873.1019,20.1006,0.519,7400652700,1.16236522103e+11
2019/7/8,3802.7897,3875.7547,3775.0259,3875.7547,3893.2025,-90.4128,-2.3223,10953908600,1.4719841938e+11
2019/7/9,3793.1297,3811.0993,3774.7641,3798.0954,3802.7897,-9.66,-0.254,7484273200,1.13147602951e+11
2019/7/10,3786.739,3810.396,3774.2304,3807.9497,3793.1297,-6.3907,-0.1685,7283394800,1.0135547703e+11
2019/7/11,3785.221,3830.7387,3774.4137,3806.1855,3786.739,-1.518,-0.0401,7531196500,1.13674616215e+11
2019/7/12,3808.7311,3820.2354,3774.5224,3783.0733,3785.221,23.5101,0.6211,7546596700,1.07007923971e+11
2019/7/15,3824.1878,3844.8683,3745.8549,3792.6409,3808.7311,15.4567,0.4058,10120522200,1.4249304661e+11
2019/7/16,3806.8449,3828.3256,3799.8665,3819.2474,3824.1878,-17.3429,-0.4535,8073095200,1.08449682784e+11
2019/7/17,3804.6384,3820.2713,3787.8973,3800.1064,3806.8449,-2.2065,-0.058,9518388500,1.16766781138e+11
2019/7/18,3768.4019,3793.3916,3767.9958,3793.1893,3804.6384,-36.2365,-0.9524,8749644500,1.11669365488e+11
2019/7/19,3807.9551,3828.1514,3787.5079,3787.5079,3768.4019,39.5532,1.0496,8808614900,1.17797528166e+11
2019/7/22,3781.6832,3816.5387,3765.4428,3813.5022,3807.9551,-26.2719,-0.6899,9210137700,1.17810448146e+11
2019/7/23,3789.9135,3792.9647,3768.7614,3783.5411,3781.6832,8.2303,0.2176,7131334600,1.03866608769e+11
2019/7/24,3819.8325,3840.0579,3803.5738,3803.5867,3789.9135,29.919,0.7894,9094068400,1.29940587223e+11
2019/7/25,3851.0665,3851.0665,3812.9532,3821.3898,3819.8325,31.234,0.8177,9374041700,1.25899502555e+11
2019/7/26,3858.5688,3863.5878,3832.5223,3835.2281,3851.0665,7.5023,0.1948,8325930000,1.10929728704e+11
2019/7/29,3854.2704,3862.7467,3842.426,3857.9394,3858.5688,-4.2984,-0.1114,8481437000,1.1167910884e+11
2019/7/30,3870.3176,3890.7298,3861.5698,3861.5698,3854.2704,16.0472,0.4163,9412395500,1.2048028002e+11
2019/7/31,3835.3589,3856.745,3830.0914,3856.745,3870.3176,-34.9587,-0.9033,8215115500,1.11083892777e+11
2019/8/1,3803.4694,3831.2641,3791.546,3819.3242,3835.3589,-31.8895,-0.8315,8411418000,1.1764916385e+11
2019/8/2,3747.4379,3754.5326,3720.0584,3729.1309,3803.4694,-56.0315,-1.4732,10833589700,1.41874787569e+11
2019/8/5,3675.6884,3739.5031,3675.6884,3724.4097,3747.4379,-71.7495,-1.9146,10132598100,1.33061101376e+11
2019/8/6,3636.3289,3649.8953,3575.8626,3609.1118,3675.6884,-39.3595,-1.0708,12983387100,1.67267479639e+11
2019/8/7,3621.431,3659.0778,3621.431,3654.6323,3636.3289,-14.8979,-0.4097,8423871600,1.0866766803e+11
2019/8/8,3669.2936,3675.4603,3646.9386,3651.3571,3621.431,47.8626,1.3216,8845770700,1.14981616121e+11
2019/8/9,3633.5296,3689.1774,3628.1163,3686.7493,3669.2936,-35.764,-0.9747,8529558000,1.16355689959e+11
2019/8/12,3699.1047,3699.1047,3643.3161,3647.8661,3633.5296,65.5751,1.8047,8208305600,1.21129345184e+11
2019/8/13,3665.7515,3686.4302,3658.0126,3675.5868,3699.1047,-33.3532,-0.9017,7650030200,1.03764319441e+11
2019/8/14,3682.4015,3717.5579,3680.6086,3712.0657,3665.7515,16.65,0.4542,9120259000,1.28301671073e+11
2019/8/15,3694.0006,3694.2985,3612.1108,3618.0092,3682.4015,11.5991,0.315,8859883200,1.19241082583e+11
2019/8/16,3710.5386,3738.0964,3687.0751,3697.9407,3694.0006,16.538,0.4477,8831916900,1.32696910341e+11
2019/8/19,3791.0946,3791.0946,3720.6894,3736.0344,3710.5386,80.556,2.171,13932701300,1.95448939476e+11
2019/8/20,3787.7324,3799.8977,3778.7306,3786.026,3791.0946,-3.3622,-0.0887,10860208800,1.49115340695e+11
2019/8/21,3781.7579,3792.5955,3775.4474,3778.3091,3787.7324,-5.9745,-0.1577,8229988000,1.21688505095e+11
2019/8/22,3793.5061,3797.329,3771.2048,3793.8552,3781.7579,11.7482,0.3107,8580779200,1.20708136081e+11
2019/8/23,3820.8638,3829.3607,3788.0345,3796.8821,3793.5061,27.3577,0.7212,8795458300,1.37802154001e+11
2019/8/26,3765.9105,3778.8665,3753.1646,3756.3618,3820.8638,-54.9533,-1.4382,9385926900,1.42350985497e+11
2019/8/27,3816.9459,3848.2358,3790.873,3791.4587,3765.9105,51.0354,1.3552,12473147800,1.81748784078e+11
2019/8/28,3802.5844,3822.5883,3790.1384,3818.8125,3816.9459,-14.3615,-0.3763,8875081200,1.37667277244e+11
2019/8/29,3790.1867,3808.5954,3774.3968,3805.494,3802.5844,-12.3977,-0.326,8408338700,1.26475676638e+11
2019/8/30,3799.5863,3828.9698,3778.9189,3816.678,3790.1867,9.3996,0.248,9669515000,1.52408668676e+11
2019/9/2,3848.3198,3855.7768,3799.8166,3803.689,3799.5863,48.7335,1.2826,11028934900,1.64994458613e+11
2019/9/3,3853.6106,3856.6813,3833.7571,3852.5794,3848.3198,5.2908,0.1375,9771463100,1.46270633848e+11
2019/9/4,3886.0012,3886.0012,3846.4215,3848.6483,3853.6106,32.3906,0.8405,12662861500,1.76839744819e+11
2019/9/5,3925.323,3970.0038,3909.2087,3909.2087,3886.0012,39.3218,1.0119,18165623100,2.44681225481e+11
2019/9/6,3948.5075,3948.5397,3922.3361,3946.6854,3925.323,23.1845,0.5906,12188237600,1.81718270031e+11
2019/9/9,3972.9484,3985.239,3954.8755,3980.9577,3948.5075,24.4409,0.619,14680975400,2.09545387191e+11
2019/9/10,3959.265,3976.9225,3938.7441,3976.8697,3972.9484,-13.6834,-0.3444,13088938600,1.84494349874e+11
2019/9/11,3930.0999,3971.2237,3922.9531,3969.6757,3959.265,-29.1651,-0.7366,13159487500,1.90165007512e+11
2019/9/12,3972.3799,3975.9311,3933.4366,3944.6917,3930.0999,42.28,1.0758,11024127300,1.56750653138e+11
2019/9/16,3957.7154,3982.204,3943.3734,3981.3616,3972.3799,-14.6645,-0.3692,11025980500,1.54736552348e+11
2019/9/17,3891.2208,3947.1577,3879.4852,3947.1577,3957.7154,-66.4946,-1.6801,11369431700,1.54899299888e+11
2019/9/18,3910.0837,3923.1462,3902.5109,3902.9947,3891.2208,18.8629,0.4848,8205615200,1.30159557672e+11
2019/9/19,3924.3823,3924.3823,3897.0666,3923.9631,3910.0837,14.2986,0.3657,8598423800,1.27421791159e+11
2019/9/20,3935.6511,3942.224,3921.4124,3933.4594,3924.3823,11.2688,0.2871,10345595500,1.53162588495e+11
2019/9/23,3890.6616,3925.1858,3868.214,3925.1858,3935.6511,-44.9895,-1.1431,9403622500,1.39223506453e+11
2019/9/24,3901.0758,3927.0115,3886.1404,3895.8661,3890.6616,10.4142,0.2677,8778323000,1.42341399679e+11
2019/9/25,3870.9837,3889.839,3867.2277,3887.5548,3901.0758,-30.0921,-0.7714,8952083500,1.33224463638e+11
2019/9/26,3841.1388,3890.7452,3840.2472,3884.7022,3870.9837,-29.8449,-0.771,10269830100,1.50806750013e+11
2019/9/27,3852.6534,3859.5003,3832.2466,3843.4584,3841.1388,11.5146,0.2998,7400394700,1.09130484004e+11
2019/9/30,3814.5282,3857.2319,3813.5491,3842.0741,3852.6534,-38.1252,-0.9896,6593131300,1.00487271138e+11
2019/10/8,3837.6791,3861.6429,3818.5894,3818.5894,3814.5282,23.1509,0.6069,7665786000,1.18365682514e+11
2019/10/9,3843.2392,3845.3403,3805.0671,3822.6068,3837.6791,5.5601,0.1449,7585451200,1.12406207028e+11
2019/10/10,3874.6391,3877.142,3829.4328,3838.4865,3843.2392,31.3999,0.817,7922269400,1.27474042852e+11
2019/10/11,3911.7253,3922.3694,3868.8417,3885.5198,3874.6391,37.0862,0.9572,9341257700,1.39817298256e+11
2019/10/14,3953.2411,3983.8117,3934.7325,3944.8593,3911.7253,41.5158,1.0613,12239361100,1.67857131154e+11
2019/10/15,3936.2498,3953.1645,3928.151,3953.1645,3953.2411,-16.9913,-0.4298,8527394900,1.25117107011e+11
2019/10/16,3922.6854,3964.0456,3919.0169,3939.276,3936.2498,-13.5644,-0.3446,8322970700,1.28558533503e+11
2019/10/17,3925.2216,3935.8123,3913.9173,3929.386,3922.6854,2.5362,0.0647,6486374500,99991850409
2019/10/18,3869.3777,3940.5409,3864.9652,3935.4199,3925.2216,-55.8439,-1.4227,8232114000,1.2218692713e+11
2019/10/21,3880.8398,3884.7447,3856.0374,3865.3436,3869.3777,11.4621,0.2962,7418291800,1.10858235839e+11
2019/10/22,3895.8809,3897.4352,3870.5486,3896.3149,3880.8398,15.0411,0.3876,6891856600,1.02843371161e+11
2019/10/23,3871.0848,3901.4243,3862.1965,3892.6766,3895.8809,-24.7961,-0.6365,7019862500,99733598353
2019/10/24,3870.6678,3890.1955,3852.5828,3877.9239,3871.0848,-0.417,-0.0108,7133457500,1.05096951646e+11
2019/10/25,3896.7923,3899.7223,3849.0337,3871.7687,3870.6678,26.1245,0.6749,7745362000,1.26677483957e+11
2019/10/28,3926.585,3927.7959,3897.8175,3904.9824,3896.7923,29.7927,0.7645,9740602000,1.50762201736e+11
2019/10/29,3910.226,3932.3745,3910.226,3929.7077,3926.585,-16.359,-0.4166,8225707500,1.39611420266e+11
2019/10/30,3891.2255,3908.0999,3883.4468,3904.7172,3910.226,-19.0005,-0.4859,7787292300,1.22610501731e+11
2019/10/31,3886.7519,3907.1505,3878.8757,3906.8593,3891.2255,-4.4736,-0.115,8671453900,1.35012425538e+11
2019/11/1,3952.3872,3956.0797,3876.4164,3883.8084,3886.7519,65.6353,1.6887,10068961200,1.51471061323e+11
2019/11/4,3978.1216,3985.3573,3964.0052,3964.0052,3952.3872,25.7344,0.6511,10419385500,1.54485361812e+11
2019/11/5,4002.8128,4030.6381,3970.8664,3982.1155,3978.1216,24.6912,0.6207,11291188000,1.63317856089e+11
2019/11/6,3984.8816,4007.5012,3973.7762,4006.327,4002.8128,-17.9312,-0.448,9731295200,1.3985976347e+11
2019/11/7,3991.8749,4005.3829,3975.5475,3984.5529,3984.8816,6.9933,0.1755,8725489800,1.17751554347e+11
2019/11/8,3973.0107,4022.0362,3971.5726,4017.6742,3991.8749,-18.8642,-0.4726,9710694800,1.39026673427e+11
2019/11/11,3902.9783,3948.6186,3897.5504,3948.6186,3973.0107,-70.0324,-1.7627,9415562100,1.30330082289e+11
2019/11/12,3903.6888,3914.8821,3877.7397,3905.9584,3902.9783,0.7105,0.0182,7654306900,1.08828235839e+11
2019/11/13,3899.9815,3908.4196,3882.4314,3905.2831,3903.6888,-3.7073,-0.095,7674907800,1.12057146508e+11
2019/11/14,3905.857,3916.9459,3895.1415,3905.9284,3899.9815,5.8755,0.1507,8700844600,1.19791566839e+11
2019/11/15,3877.0892,3915.1049,3877.0892,3908.4891,3905.857,-28.7678,-0.7365,8373091700,1.15423020916e+11
2019/11/18,3907.9291,3913.1029,3868.3166,3874.4405,3877.0892,30.8399,0.7954,7664599300,1.07085819889e+11
2019/11/19,3947.0392,3947.0392,3902.3776,3904.0996,3907.9291,39.1101,1.0008,8216102500,1.23227172612e+11
2019/11/20,3907.8641,3943.2273,3901.9865,3940.1344,3947.0392,-39.1751,-0.9925,7681533300,1.18003062733e+11
2019/11/21,3889.598,3901.8262,3875.9682,3894.539,3907.8641,-18.2661,-0.4674,6913053800,1.04147769298e+11
2019/11/22,3849.9948,3918.8385,3833.5033,3894.1742,3889.598,-39.6032,-1.0182,9104263900,1.4698116209e+11
2019/11/25,3878.2061,3878.2507,3839.4201,3850.966,3849.9948,28.2113,0.7328,10606628900,1.40851076272e+11
2019/11/26,3891.6533,3899.1097,3869.5948,3893.4349,3878.2061,13.4472,0.3467,11151353700,1.40213633065e+11
2019/11/27,3875.6186,3889.9783,3862.7011,3883.429,3891.6533,-16.0347,-0.412,7643730500,1.07238822033e+11
2019/11/28,3862.3029,3887.6903,3852.0105,3877.9012,3875.6186,-13.3157,-0.3436,6523011900,87081788912
2019/11/29,3828.6706,3861.6584,3804.8291,3857.1883,3862.3029,-33.6323,-0.8708,7414433100,1.16200556869e+11
2019/12/2,3836.0589,3854.7509,3829.3126,3835.5128,3828.6706,7.3883,0.193,7741217300,1.09992592541e+11
2019/12/3,3851.0873,3851.1205,3811.6281,3829.212,3836.0589,15.0284,0.3918,7361124000,1.08703714965e+11
2019/12/4,3849.819,3852.9922,3831.0747,3841.6627,3851.0873,-1.2683,-0.0329,7968338500,1.09646342796e+11
2019/12/5,3879.3638,3883.4031,3859.8223,3863.6086,3849.819,29.5448,0.7674,8905119300,1.29357592812e+11
2019/12/6,3902.3853,3902.3853,3878.7002,3885.0582,3879.3638,23.0215,0.5934,7864888700,1.16424775802e+11
2019/12/9,3895.4468,3911.9682,3885.2507,3909.5297,3902.3853,-6.9385,-0.1778,9535380600,1.30873098246e+11
2019/12/10,3900.3843,3900.959,3882.0877,3886.444,3895.4468,4.9375,0.1268,8626292800,1.21118412751e+11
2019/12/11,3902.7492,3909.3854,3890.341,3907.1592,3900.3843,2.3649,0.0606,9976548000,1.27690403434e+11
2019/12/12,3891.0242,3908.4537,3886.1188,3908.4537,3902.7492,-11.725,-0.3004,8470833000,1.17874313734e+11
2019/12/13,3968.2211,3969.4568,3925.2757,3928.0044,3891.0242,77.1969,1.984,14857134900,2.01018885799e+11
2019/12/16,3987.5464,3987.5866,3953.5126,3970.7092,3968.2211,19.3253,0.487,14848667000,2.02154895254e+11
2019/12/17,4041.7996,4067.1355,3984.5193,3987.7426,3987.5464,54.2532,1.3606,20116293700,2.51637865288e+11
2019/12/18,4032.7826,4057.64,4025.3433,4039.724,4041.7996,-9.017,-0.2231,15135176400,1.97620207485e+11
2019/12/19,4027.1495,4038.5435,4014.8951,4034.6159,4032.7826,-5.6331,-0.1397,11790055800,1.52553809117e+11
2019/12/20,4017.2527,4046.7261,4014.9296,4032.1519,4027.1495,-9.8968,-0.2458,12126766200,1.58460232417e+11
2019/12/23,3967.0962,4032.1721,3964.3798,4014.6929,4017.2527,-50.1565,-1.2485,12281624600,1.62048261474e+11
2019/12/24,3992.9581,3994.5092,3963.6653,3971.56,3967.0962,25.8619,0.6519,9598904500,1.22499163329e+11
2019/12/25,3990.8671,4000.5556,3976.3559,3988.6574,3992.9581,-2.091,-0.0524,9493889000,1.31896466969e+11
2019/12/26,4025.9879,4025.9879,3993.5413,3993.6686,3990.8671,35.1208,0.88,10886064000,1.40814968243e+11
2019/12/27,4022.0278,4066.7964,4019.7223,4029.2454,4025.9879,-3.9601,-0.0984,15092641100,1.95090417042e+11
2019/12/30,4081.6334,4083.6901,4001.4951,4015.5195,4022.0278,59.6056,1.482,15597148800,2.16814660017e+11
2019/12/31,4096.5821,4098.1444,4069.0086,4077.7519,4081.6334,14.9487,0.3662,12326425800,1.7311934851e+11
2020/1/2,4152.2408,4172.6555,4121.3487,4121.3487,4096.5821,55.6587,1.3587,18211677200,2.70105532028e+11
2020/1/3,4144.9649,4164.2989,4131.864,4161.2185,4152.2408,-7.2759,-0.1752,14282624400,2.15216288331e+11
2020/1/6,4129.2954,4170.6384,4102.3796,4120.5211,4144.9649,-15.6695,-0.378,17530995300,2.50182071294e+11
2020/1/7,4160.2274,4161.2504,4135.0972,4137.4019,4129.2954,30.932,0.7491,13948903100,1.96389059715e+11
2020/1/8,4112.3172,4149.813,4101.9801,4139.6315,4160.2274,-47.9102,-1.1516,16758585000,2.12406263857e+11
2020/1/9,4164.3697,4165.6574,4143.592,4145.5345,4112.3172,52.0525,1.2658,13688632400,2.00150352942e+11
2020/1/10,4163.1849,4180.9771,4148.4817,4177.5777,4164.3697,-1.1848,-0.0285,11303171900,1.77827413709e+11
2020/1/13,4203.9883,4203.9883,4148.6007,4166.9254,4163.1849,40.8034,0.9801,11969198200,1.99795489709e+11
2020/1/14,4189.8862,4223.5078,4188.0809,4215.1578,4203.9883,-14.1021,-0.3354,12932078300,1.96221263396e+11
2020/1/15,4166.7344,4193.8686,4150.8799,4186.881,4189.8862,-23.1518,-0.5526,10463313600,1.63081930622e+11
2020/1/16,4149.0434,4175.2938,4142.1795,4174.8172,4166.7344,-17.691,-0.4246,10026764200,1.56242505812e+11
2020/1/17,4154.853,4177.0282,4141.6448,4162.1939,4149.0434,5.8096,0.14,9872568200,1.66591591594e+11
2020/1/20,4185.8304,4185.9629,4149.4879,4170.7365,4154.853,30.9774,0.7456,12240914700,2.02692287442e+11
2020/1/21,4114.3085,4165.0203,4113.3251,4165.0203,4185.8304,-71.5219,-1.7087,13052750700,2.04586880494e+11
2020/1/22,4131.9311,4141.1772,4046.4866,4093.8009,4114.3085,17.6226,0.4283,12675876300,2.08136150792e+11
2020/1/23,4003.9013,4103.5244,3972.3933,4093.3229,4131.9311,-128.0298,-3.0985,16035760300,2.50409357701e+11
2020/2/3,3688.3578,3732.1572,3639.9089,3639.9089,4003.9013,-315.5435,-7.8809,15755964700,2.43303105386e+11
2020/2/4,3785.6376,3786.8629,3652.0035,3652.0035,3688.3578,97.2798,2.6375,21393332800,2.98165767621e+11
2020/2/5,3828.5272,3866.0108,3781.613,3801.099,3785.6376,42.8896,1.133,17492552400,2.64042920866e+11
2020/2/6,3899.7751,3914.915,3806.9601,3841.7537,3828.5272,71.2479,1.861,17646223500,2.62820088452e+11
2020/2/7,3899.8693,3899.8837,3849.7127,3879.5531,3899.7751,0.0942,0.0024,15173175900,2.37508816256e+11
2020/2/10,3916.0052,3920.1667,3861.0066,3872.3738,3899.8693,16.1359,0.4138,14840696900,2.29625441896e+11
2020/2/11,3952.4643,3970.5221,3915.7077,3926.4204,3916.0052,36.4591,0.931,14344167400,2.19307119361e+11
2020/2/12,3984.4325,3984.4325,3940.6667,3945.6663,3952.4643,31.9682,0.8088,12671032100,2.0077670655e+11
2020/2/13,3959.9188,3999.5495,3950.1422,3985.8757,3984.4325,-24.5137,-0.6152,14500184300,2.28605964793e+11
2020/2/14,3987.7342,4001.5627,3954.0233,3954.234,3959.9188,27.8154,0.7024,14323980300,2.22895073625e+11
2020/2/17,4077.4241,4077.4464,3999.6511,3999.6511,3987.7342,89.6899,2.2491,18277896900,2.73067817278e+11
2020/2/18,4057.5108,4076.388,4027.7859,4069.8315,4077.4241,-19.9133,-0.4884,16323622000,2.42552517334e+11
2020/2/19,4051.3107,4085.1704,4042.8451,4049.5862,4057.5108,-6.2001,-0.1528,16904644100,2.5755453573e+11
2020/2/20,4144.6561,4148.5287,4055.8105,4062.8968,4051.3107,93.3454,2.3041,21223262400,3.10835589162e+11
2020/2/21,4149.4903,4184.4379,4130.1677,4134.8747,4144.6561,4.8342,0.1166,21721360400,3.26564003558e+11
2020/2/24,4132.8388,4149.0102,4097.1753,4131.8364,4149.4903,-16.6515,-0.4013,21286930300,3.26387800606e+11
2020/2/25,4123.8543,4126.7075,4020.9075,4066.302,4132.8388,-8.9845,-0.2174,24416783100,3.7221371703e+11
2020/2/26,4073.0152,4132.7817,4061.125,4070.0994,4123.8543,-50.8391,-1.2328,26109406100,3.66022417907e+11
2020/2/27,4084.8759,4110.5275,4067.4408,4084.0782,4073.0152,11.8607,0.2912,18129098100,2.82050206371e+11
2020/2/28,3940.0488,4031.1453,3928.0663,3988.7274,4084.8759,-144.8271,-3.5454,23027509300,3.30358907266e+11
2020/3/2,4069.6662,4092.5394,3968.8435,3968.8435,3940.0488,129.6174,3.2897,21931355900,3.17426205457e+11
2020/3/3,4091.3615,4147.6525,4067.9094,4125.1356,4069.6662,21.6953,0.5331,21936977700,3.30802584619e+11
2020/3/4,4115.0524,4115.2618,4060.729,4078.4998,4091.3615,23.6909,0.579,18242473000,2.81784863845e+11
2020/3/5,4206.7251,4215.8513,4127.0386,4150.21,4115.0524,91.6727,2.2277,23182311500,3.62838831776e+11
2020/3/6,4138.5072,4181.3102,4135.3901,4158.2021,4206.7251,-68.2179,-1.6216,17247571700,2.53168631959e+11
2020/3/9,3997.1325,4063.076,3995.1313,4063.076,4138.5072,-141.3747,-3.4161,20810203500,3.05428730304e+11
2020/3/10,4082.7315,4093.0024,3954.7506,3975.2288,3997.1325,85.599,2.1415,19741640200,2.96184435851e+11
2020/3/11,4028.4289,4091.2704,4028.3964,4090.9348,4082.7315,-54.3026,-1.3301,16165611100,2.44990872686e+11
2020/3/12,3950.9111,3987.4336,3926.2704,3976.1139,4028.4289,-77.5178,-1.9243,15706045800,2.33152848759e+11
2020/3/13,3895.3128,3937.1806,3765.1479,3771.0139,3950.9111,-55.5983,-1.4072,18829672200,2.80213453214e+11
2020/3/16,3727.8398,3899.8598,3720.5127,3899.8598,3895.3128,-167.473,-4.2993,18596826000,2.82836238271e+11
2020/3/17,3709.6822,3786.8908,3618.307,3739.7833,3727.8398,-18.1576,-0.4871,16624612900,2.50824025697e+11
2020/3/18,3636.2565,3775.8506,3636.2565,3729.6853,3709.6822,-73.4257,-1.9793,15503754700,2.44127161535e+11
2020/3/19,3589.0926,3647.9874,3503.1866,3623.789,3636.2565,-47.1639,-1.297,18080740700,2.71827467962e+11
2020/3/20,3653.2239,3663.9517,3588.7766,3629.5126,3589.0926,64.1313,1.7868,13960300000,2.11223073323e+11
2020/3/23,3530.3058,3585.8014,3523.7877,3542.6837,3653.2239,-122.9181,-3.3646,13710879000,1.9766962497e+11
2020/3/24,3625.1146,3627.7592,3545.4524,3598.6548,3530.3058,94.8088,2.6856,14310302100,2.08553840688e+11
2020/3/25,3722.5181,3732.6536,3685.9942,3711.4753,3625.1146,97.4035,2.6869,15349595800,2.31561518761e+11
2020/3/26,3698.0472,3736.2536,3681.2668,3692.6083,3722.5181,-24.4709,-0.6574,11231066500,1.69336311861e+11
2020/3/27,3710.0605,3758.7827,3709.9213,3746.3914,3698.0472,12.0133,0.3249,12406099500,1.86103426335e+11
2020/3/30,3674.1108,3690.6388,3637.5853,3657.4624,3710.0605,-35.9497,-0.969,12687667300,1.80640799409e+11
2020/3/31,3686.1551,3716.0707,3676.2024,3708.1404,3674.1108,12.0443,0.3278,11145302500,1.61595510008e+11
2020/4/1,3675.0758,3731.7799,3670.9653,3682.2966,3686.1551,-11.0793,-0.3006,11935262000,1.70422568804e+11
2020/4/2,3734.5306,3734.5306,3652.3167,3656.3225,3675.0758,59.4548,1.6178,11516820900,1.68893255657e+11
2020/4/3,3713.2183,3738.8323,3698.9822,3721.4815,3734.5306,-21.3123,-0.5707,9982508300,1.50132815028e+11
2020/4/7,3798.0214,3803.6286,3772.2054,3779.9076,3713.2183,84.8031,2.2838,14277803000,2.07642820317e+11
2020/4/8,3780.3445,3793.0023,3767.2924,3776.4171,3798.0214,-17.6769,-0.4654,11138951300,1.6157677232e+11
2020/4/9,3792.8105,3801.7245,3785.3116,3798.4879,3780.3445,12.466,0.3298,10048503200,1.54595318813e+11
2020/4/10,3769.1782,3824.7441,3758.9599,3794.8429,3792.8105,-23.6323,-0.6231,10244495600,1.62251233801e+11
2020/4/13,3753.2566,3769.8764,3740.1936,3751.7093,3769.1782,-15.9216,-0.4224,7905334300,1.19874303205e+11
2020/4/14,3825.6991,3825.7599,3764.9838,3777.8343,3753.2566,72.4425,1.9301,11063758500,1.70612579792e+11
2020/4/15,3797.3623,3829.8009,3793.4402,3820.8506,3825.6991,-28.3368,-0.7407,10846198400,1.69700216633e+11
2020/4/16,3802.3806,3807.3569,3774.5585,3777.7986,3797.3623,5.0183,0.1322,9594796500,1.47164302057e+11
2020/4/17,3839.4871,3863.4521,3821.4201,3831.9232,3802.3806,37.1065,0.9759,13200430100,2.03595267034e+11
2020/4/20,3853.4551,3853.7984,3831.553,3845.4598,3839.4871,13.968,0.3638,10001311500,1.51924090117e+11
2020/4/21,3808.0474,3838.2314,3779.9967,3838.2314,3853.4551,-45.4077,-1.1784,10292188800,1.55077454132e+11
2020/4/22,3839.3834,3839.3834,3782.2149,3789.1297,3808.0474,31.336,0.8229,8589946400,1.3554728079e+11
2020/4/23,3829.7525,3857.4709,3826.5565,3851.9132,3839.3834,-9.6309,-0.2508,9550845000,1.42122548832e+11
2020/4/24,3796.9721,3827.212,3787.0714,3826.3116,3829.7525,-32.7804,-0.8559,9484413500,1.38961200283e+11
2020/4/27,3822.769,3842.8706,3793.7655,3808.0171,3796.9721,25.7969,0.6794,9546273500,1.45301151875e+11
2020/4/28,3849.1465,3859.6754,3768.2,3835.348,3822.769,26.3775,0.69,12209347600,1.8417975924e+11
2020/4/29,3867.032,3880.7444,3833.7164,3837.5135,3849.1465,17.8855,0.4647,9585459000,1.51282103744e+11
2020/4/30,3912.5772,3921.7004,3880.4094,3880.4094,3867.032,45.5452,1.1778,13291712500,2.02268288802e+11
2020/5/6,3936.2539,3937.6909,3865.9875,3867.2587,3912.5772,23.6767,0.6051,13985567500,2.14935962364e+11
2020/5/7,3924.8946,3941.4833,3915.9048,3937.5918,3936.2539,-11.3593,-0.2886,10551464600,1.6720780184e+11
2020/5/8,3963.6217,3979.6627,3935.9805,3942.9972,3924.8946,38.7271,0.9867,11694334100,1.90299584717e+11
2020/5/11,3960.1803,3998.0972,3944.5037,3974.7605,3963.6217,-3.4414,-0.0868,12267380300,1.937580939e+11
2020/5/12,3960.2378,3970.1115,3930.2108,3961.3427,3960.1803,0.0575,0.0015,9825055400,1.5746578006e+11
2020/5/13,3968.2529,3972.5254,3932.5711,3946.6428,3960.2378,8.0151,0.2024,8819066900,1.45563383276e+11
2020/5/14,3925.2177,3952.1986,3924.0452,3952.1986,3968.2529,-43.0352,-1.0845,8853000400,1.4349917772e+11
2020/5/15,3912.8159,3945.1956,3907.4021,3941.125,3925.2177,-12.4018,-0.316,9261838200,1.53301505149e+11
2020/5/18,3922.9117,3946.4312,3898.4041,3914.6602,3912.8159,10.0958,0.258,11280176200,1.88528121368e+11
2020/5/19,3956.2495,3966.8518,3944.0715,3963.7754,3922.9117,33.3378,0.8498,9401529100,1.59886222402e+11
2020/5/20,3935.222,3955.7145,3923.9213,3955.7145,3956.2495,-21.0275,-0.5315,10079115000,1.57102533276e+11
2020/5/21,3913.7949,3951.743,3907.5788,3950.5981,3935.222,-21.4271,-0.5445,9486103300,1.49154142258e+11
2020/5/22,3824.064,3907.5761,3818.1488,3907.5761,3913.7949,-89.7309,-2.2927,10337836000,1.57286504986e+11
2020/5/25,3829.3245,3835.6333,3800.1796,3828.3206,3824.064,5.2605,0.1376,7903332600,1.27011917716e+11
2020/5/26,3872.7701,3874.7484,3844.4776,3850.0009,3829.3245,43.4456,1.1345,7744807600,1.25445619317e+11
2020/5/27,3845.6135,3873.6984,3838.4247,3873.6984,3872.7701,-27.1566,-0.7012,8371183100,1.23737501164e+11
2020/5/28,3856.6324,3885.4211,3818.4318,3848.4892,3845.6135,11.0189,0.2865,9306405400,1.39108407792e+11
2020/5/29,3867.0232,3872.3031,3830.4185,3838.3769,3856.6324,10.3908,0.2694,9381383200,1.35658136028e+11
2020/6/1,3971.3402,3976.3151,3901.7263,3901.7263,3867.0232,104.317,2.6976,13645665200,2.08436512945e+11
2020/6/2,3983.5677,3991.7761,3958.9774,3969.9521,3971.3402,12.2275,0.3079,14430306000,1.95563304256e+11
2020/6/3,3983.6477,4018.6759,3982.9299,4001.1708,3983.5677,0.08,0.002,13659748300,2.00882767677e+11
2020/6/4,3982.1851,3999.8051,3968.5723,3998.1636,3983.6477,-1.4626,-0.0367,10427773700,1.49057855838e+11
2020/6/5,4001.2509,4001.2509,3967.926,3988.2239,3982.1851,19.0658,0.4788,10244394200,1.54311342982e+11
2020/6/8,4021.9549,4050.2213,4016.1015,4023.606,4001.2509,20.704,0.5174,13792581300,1.93047518688e+11
2020/6/9,4047.0293,4052.1557,4016.3387,4027.5613,4021.9549,25.0744,0.6234,11530447900,1.6653396601e+11
2020/6/10,4039.7051,4046.2317,4024.4185,4046.2317,4047.0293,-7.3242,-0.181,11226572800,1.66778642366e+11
2020/6/11,3995.8846,4043.0123,3979.7522,4031.7396,4039.7051,-43.8205,-1.0847,12730894100,1.97079441861e+11
2020/6/12,4003.0829,4011.0591,3927.2491,3931.6236,3995.8846,7.1983,0.1801,13416664900,1.93504046742e+11
2020/6/15,3954.9883,4007.1396,3954.9883,3982.9672,4003.0829,-48.0946,-1.2014,13129786000,2.11125336144e+11
2020/6/16,4014.5702,4014.5702,3987.8637,3995.5786,3954.9883,59.5819,1.5065,11105153900,1.85104029159e+11
2020/6/17,4017.5941,4018.6094,3992.1339,4018.6094,4014.5702,3.0239,0.0753,10560579900,1.76977503611e+11
2020/6/18,4044.3842,4047.5566,4000.9008,4009.7831,4017.5941,26.7901,0.6668,13814876100,2.10192918146e+11
2020/6/19,4098.7095,4109.3602,4043.4925,4047.0483,4044.3842,54.3253,1.3432,15294699000,2.555497973e+11
2020/6/22,4102.0459,4126.9421,4088.7822,4097.5071,4098.7095,3.3364,0.0814,15582946500,2.59200520726e+11
2020/6/23,4121.7944,4124.725,4080.7533,4098.0373,4102.0459,19.7485,0.4814,12922951000,2.34806510834e+11
2020/6/24,4138.9895,4144.6782,4123.3582,4128.1003,4121.7944,17.1951,0.4172,12171246500,2.24551430008e+11
2020/6/29,4109.7164,4137.3696,4092.5352,4127.9348,4138.9895,-29.2731,-0.7073,13086585400,2.26522059763e+11
2020/6/30,4163.9637,4174.4236,4129.7754,4130.0028,4109.7164,54.2473,1.32,12593352100,2.27935704489e+11
2020/7/1,4247.7835,4247.7835,4163.4954,4172.6425,4163.9637,83.8198,2.013,16999045600,3.05711799762e+11
2020/7/2,4335.8445,4340.1039,4238.1164,4239.408,4247.7835,88.061,2.0731,25293936800,3.99571526695e+11
2020/7/3,4419.5955,4419.5955,4348.4535,4353.1937,4335.8445,83.751,1.9316,29048553900,4.42335024266e+11
2020/7/6,4670.0949,4678.1121,4465.8081,4465.8081,4419.5955,250.4994,5.6679,40582102500,5.97438217716e+11
2020/7/7,4698.1264,4796.3155,4688.0574,4739.6104,4670.0949,28.0315,0.6002,40600855300,6.35254742706e+11
2020/7/8,4774.0042,4803.3643,4670.6501,4692.8621,4698.1264,75.8778,1.6151,34807484700,5.32849825964e+11
2020/7/9,4840.7712,4854.1201,4757.2943,4770.0769,4774.0042,66.767,1.3986,35104689300,5.56718732099e+11
2020/7/10,4753.1333,4821.3745,4734.4725,4796.0873,4840.7712,-87.6379,-1.8104,31694965100,5.10472055096e+11
2020/7/13,4852.9612,4878.0773,4741.8743,4742.3738,4753.1333,99.8279,2.1003,32164544600,5.41105098721e+11
2020/7/14,4806.6902,4860.4404,4729.9258,4836.1655,4852.9612,-46.271,-0.9535,29724198500,5.11211048185e+11
2020/7/15,4744.4687,4837.4757,4723.3608,4821.5155,4806.6902,-62.2215,-1.2945,27238900600,4.8674834768e+11
2020/7/16,4516.2532,4772.5638,4513.6537,4741.5295,4744.4687,-228.2155,-4.8101,28465713300,5.11237962884e+11
2020/7/17,4544.7007,4601.3733,4485.8214,4524.7717,4516.2532,28.4475,0.6299,20737556300,3.72973887046e+11
2020/7/20,4680.3046,4681.9431,4534.2305,4597.2038,4544.7007,135.6039,2.9838,24606891400,4.16714222276e+11
2020/7/21,4691.0425,4714.2925,4661.444,4697.5026,4680.3046,10.7379,0.2294,20041565900,3.56069805763e+11
2020/7/22,4714.4454,4790.4491,4675.3488,4682.6575,4691.0425,23.4029,0.4989,22419921100,3.86470859914e+11
2020/7/23,4712.4357,4731.4004,4607.6585,4668.7401,4714.4454,-2.0097,-0.0426,23431456900,4.05175268661e+11
2020/7/24,4505.5906,4691.698,4479.3928,4679.0273,4712.4357,-206.8451,-4.3893,24390520300,4.3772671228e+11
2020/7/27,4528.45,4558.1189,4482.4408,4535.0053,4505.5906,22.8594,0.5074,17142055100,3.01893370163e+11
2020/7/28,4568.2576,4590.2496,4537.6849,4567.6691,4528.45,39.8076,0.8791,16276849800,2.92835785345e+11
2020/7/29,4679.008,4680.558,4548.8535,4559.1634,4568.2576,110.7504,2.4243,18669530500,3.5043264916e+11
2020/7/30,4656.1506,4704.6305,4649.7677,4689.7632,4679.008,-22.8574,-0.4885,16696756600,3.24009242692e+11
2020/7/31,4695.0462,4741.8084,4621.9635,4652.1824,4656.1506,38.8956,0.8354,18483902600,3.51119312415e+11
2020/8/3,4771.3108,4771.3694,4720.025,4735.8985,4695.0462,76.2646,1.6244,21477623900,4.01914824928e+11
2020/8/4,4775.8024,4807.0782,4747.7748,4778.4866,4771.3108,4.4916,0.0941,23997498500,4.26411345936e+11
2020/8/5,4777.1089,4786.7031,4711.2723,4761.7637,4775.8024,1.3065,0.0274,19670054800,3.47407839399e+11
2020/8/6,4762.7642,4791.8565,4691.1569,4779.2377,4777.1089,-14.3447,-0.3003,22785440600,4.04323404007e+11
2020/8/7,4707.9262,4749.0217,4637.8427,4742.2939,4762.7642,-54.838,-1.1514,21351821600,3.97041212825e+11
2020/8/10,4724.8697,4757.6634,4646.2885,4681.7553,4707.9262,16.9435,0.3599,20378883200,3.71297560018e+11
2020/8/11,4681.7837,4791.5337,4674.8642,4730.3748,4724.8697,-43.086,-0.9119,20554651100,3.50828586241e+11
2020/8/12,4647.6446,4681.6206,4566.2736,4668.8899,4681.7837,-34.1391,-0.7292,20288723900,3.47298673202e+11
2020/8/13,4635.7126,4671.7689,4626.1033,4666.4901,4647.6446,-11.932,-0.2567,15255009200,2.50945872579e+11
2020/8/14,4704.6288,4708.0709,4617.632,4627.61,4635.7126,68.9162,1.4866,14729292100,2.54343934256e+11
2020/8/17,4815.2261,4838.0864,4721.3589,4727.1204,4704.6288,110.5973,2.3508,26800155600,4.16469154934e+11
2020/8/18,4812.7564,4825.3861,4788.8293,4816.5703,4815.2261,-2.4697,-0.0513,18913985400,3.14395904536e+11
2020/8/19,4740.6784,4809.0499,4738.0086,4804.6655,4812.7564,-72.078,-1.4976,19244294800,3.19403284708e+11
2020/8/20,4679.1544,4721.4357,4662.8032,4708.1253,4740.6784,-61.524,-1.2978,15836863900,2.60486563515e+11
2020/8/21,4718.8431,4739.4836,4684.8101,4717.7874,4679.1544,39.6887,0.8482,14265786400,2.51775160234e+11
2020/8/24,4755.8491,4769.4673,4716.6054,4746.4035,4718.8431,37.006,0.7842,15114351200,2.72428686419e+11
2020/8/25,4761.9507,4802.4122,4746.313,4769.2107,4755.8491,6.1016,0.1283,14170135100,2.62308788274e+11
2020/8/26,4706.1302,4786.4249,4689.881,4761.7186,4761.9507,-55.8205,-1.1722,15130518000,2.77456360643e+11
2020/8/27,4731.3451,4731.9351,4679.3623,4718.062,4706.1302,25.2149,0.5358,11904285000,2.23631511406e+11
2020/8/28,4844.2652,4850.4884,4719.3526,4727.292,4731.3451,112.9201,2.3866,15939976500,3.05047882509e+11
2020/8/31,4816.2153,4901.2115,4816.2123,4870.9337,4844.2652,-28.0499,-0.579,20256702900,3.57005064605e+11
2020/9/1,4842.1223,4842.135,4791.7829,4803.3922,4816.2153,25.907,0.5379,13839540200,2.62018070577e+11
2020/9/2,4843.887,4863.5509,4797.5204,4859.0754,4842.1223,1.7647,0.0364,15798952400,2.80778613751e+11
2020/9/3,4817.0952,4877.0117,4800.0577,4841.502,4843.887,-26.7918,-0.5531,14567120100,2.79411988792e+11
2020/9/4,4770.219,4778.203,4726.5559,4737.2368,4817.0952,-46.8762,-0.9731,12003279600,2.38463337879e+11
2020/9/7,4669.3677,4789.3031,4655.56,4759.5213,4770.219,-100.8513,-2.1142,14860779100,2.82316394068e+11
2020/9/8,4694.3894,4707.8966,4639.0531,4683.8256,4669.3677,25.0217,0.5359,13919922700,2.49198138076e+11
2020/9/9,4584.5887,4645.1972,4558.0304,4634.247,4694.3894,-109.8007,-2.339,16227710700,2.44905191934e+11
2020/9/10,4581.9775,4647.7505,4572.2058,4632.0994,4584.5887,-2.6112,-0.057,15065287800,2.26146354805e+11
2020/9/11,4627.2826,4630.8842,4563.1061,4572.2572,4581.9775,45.3051,0.9888,11530242400,1.98240927302e+11
2020/9/14,4651.0507,4666.9862,4625.9877,4652.0539,4627.2826,23.7681,0.5137,10723517900,2.11653411811e+11
2020/9/15,4688.4826,4691.4997,4630.5374,4649.4472,4651.0507,37.4319,0.8048,10191592500,1.94573684119e+11
2020/9/16,4657.3584,4690.6815,4638.4586,4683.006,4688.4826,-31.1242,-0.6638,10875364100,1.96120184851e+11
2020/9/17,4632.7142,4664.9491,4601.639,4642.0542,4657.3584,-24.6442,-0.5291,10598363100,2.1414664727e+11
2020/9/18,4737.0887,4737.8039,4631.7045,4636.6422,4632.7142,104.3745,2.253,16042647500,2.81885944229e+11
2020/9/21,4691.4281,4752.9799,4688.7199,4750.7481,4737.0887,-45.6606,-0.9639,12453582700,2.24137912695e+11
2020/9/22,4635.7608,4706.2096,4622.1111,4654.2179,4691.4281,-55.6673,-1.1866,11967294700,2.02909215535e+11
2020/9/23,4652.3273,4665.96,4623.5528,4639.6592,4635.7608,16.5665,0.3574,9582652800,1.90393472276e+11
2020/9/24,4563.0657,4631.9482,4562.2086,4623.9535,4652.3273,-89.2616,-1.9186,11259368300,1.935158737e+11
2020/9/25,4570.0216,4599.5387,4554.7199,4582.482,4563.0657,6.9559,0.1524,9301515500,1.67457376964e+11
2020/9/28,4581.9085,4613.6324,4571.1507,4582.6471,4570.0216,11.8869,0.2601,8504838900,1.59314675407e+11
2020/9/29,4591.7993,4616.6767,4586.3537,4608.2926,4581.9085,9.8908,0.2159,8599385800,1.59937888502e+11
2020/9/30,4587.3953,4634.7239,4563.4108,4607.5753,4591.7993,-4.404,-0.0959,8908120000,1.65532220885e+11
2020/10/9,4681.1412,4695.4041,4655.0851,4663.61,4587.3953,93.7459,2.0436,11133751200,2.2992673149e+11
2020/10/12,4823.1578,4823.2666,4704.1554,4705.1883,4681.1412,142.0166,3.0338,15578455800,3.07848558046e+11
2020/10/13,4839.201,4845.9191,4795.373,4812.8989,4823.1578,16.0432,0.3326,11651633800,2.42172567248e+11
2020/10/14,4807.1021,4830.4575,4795.9069,4830.4575,4839.201,-32.0989,-0.6633,11190692300,2.29836207248e+11
2020/10/15,4798.7361,4833.8925,4796.2647,4810.7821,4807.1021,-8.366,-0.174,10996496200,2.13878285046e+11
2020/10/16,4791.676,4825.5518,4765.967,4798.9162,4798.7361,-7.0601,-0.1471,11671610200,2.04175130718e+11
2020/10/19,4755.4879,4849.605,4747.3356,4823.4944,4791.676,-36.1881,-0.7552,12924636100,2.25392198225e+11
2020/10/20,4793.4672,4793.4672,4739.4583,4751.3694,4755.4879,37.9793,0.7986,9804815600,1.85849198018e+11
2020/10/21,4792.8284,4801.6313,4758.8552,4801.6313,4793.4672,-0.6388,-0.0133,10380570300,1.89978697044e+11
2020/10/22,4777.9845,4791.8078,4725.4993,4780.5954,4792.8284,-14.8439,-0.3097,10135089100,1.9461497117e+11
2020/10/23,4718.4881,4802.456,4717.0984,4775.4665,4777.9845,-59.4964,-1.2452,10682518400,2.00985821992e+11
2020/10/26,4691.2359,4713.3945,4639.3019,4684.0465,4718.4881,-27.2522,-0.5776,10834327500,2.05518988284e+11
2020/10/27,4699.2792,4708.4623,4671.8536,4680.1371,4691.2359,8.0433,0.1715,9265630400,1.8667554569e+11
2020/10/28,4737.2718,4753.3125,4685.6012,4703.0036,4699.2792,37.9926,0.8085,10846340200,2.26754264067e+11
2020/10/29,4772.9198,4803.0317,4679.2529,4683.607,4737.2718,35.648,0.7525,11711725000,2.52303504993e+11
2020/10/30,4695.3338,4778.5089,4683.4719,4776.4726,4772.9198,-77.586,-1.6255,13980230300,2.80783321713e+11
2020/11/2,4720.8313,4738.0239,4695.4436,4702.7457,4695.3338,25.4975,0.543,14286769300,2.79027685157e+11
2020/11/3,4777.5608,4793.3963,4734.1748,4743.1742,4720.8313,56.7295,1.2017,13605540800,2.52390556314e+11
2020/11/4,4813.6564,4825.4638,4770.5582,4781.448,4777.5608,36.0956,0.7555,11466180600,2.30513773046e+11
2020/11/5,4885.1118,4885.1118,4837.9996,4861.3377,4813.6564,71.4554,1.4844,13924459400,2.81951932371e+11
2020/11/6,4885.7178,4897.6295,4845.4293,4897.6295,4885.1118,0.606,0.0124,15363903400,3.05365103653e+11
2020/11/9,4981.3497,4997.8017,4918.8609,4918.8609,4885.7178,95.6319,1.9574,19713198400,3.71923282063e+11
2020/11/10,4953.8756,4995.4126,4928.9319,4995.4126,4981.3497,-27.4741,-0.5515,17626721400,3.34271459964e+11
2020/11/11,4904.8981,4957.5846,4901.7067,4937.7582,4953.8756,-48.9775,-0.9887,16447051500,3.03858557977e+11
2020/11/12,4908.463,4926.3422,4891.51,4916.7736,4904.8981,3.5649,0.0727,11811461900,2.27645907147e+11
2020/11/13,4856.8513,4886.9778,4825.7578,4886.9778,4908.463,-51.6117,-1.0515,13369307900,2.55353111738e+11
2020/11/16,4904.1716,4904.1716,4848.6239,4880.958,4856.8513,47.3203,0.9743,14877098000,2.66705031672e+11
2020/11/17,4894.786,4909.2902,4865.3942,4903.12,4904.1716,-9.3856,-0.1914,15148746400,2.88911408551e+11
2020/11/18,4891.6716,4911.0876,4870.7162,4889.6749,4894.786,-3.1144,-0.0636,16421661600,2.90727223227e+11
2020/11/19,4927.9891,4939.7911,4870.2005,4880.9224,4891.6716,36.3175,0.7424,13368137800,2.47727135e+11
2020/11/20,4943.2882,4947.4297,4922.5895,4928.2223,4927.9891,15.2991,0.3105,12940034100,2.29053679195e+11
2020/11/23,5005.0273,5029.6515,4940.4494,4954.5987,4943.2882,61.7391,1.2489,20591518700,3.33633826417e+11
2020/11/24,4974.2855,5001.0614,4960.9817,4997.0485,5005.0273,-30.7418,-0.6142,15663791100,2.64804443318e+11
2020/11/25,4910.7,5004.7732,4910.7,4992.7466,4974.2855,-63.5855,-1.2783,17034052700,2.77070642971e+11
2020/11/26,4919.5912,4925.2857,4867.8153,4908.3208,4910.7,8.8912,0.1811,13720233800,2.39748145476e+11
2020/11/27,4980.765,4980.765,4917.3479,4930.5928,4919.5912,61.1738,1.2435,16295292200,2.53178971224e+11
2020/11/30,4960.2519,5055.192,4960.2519,4994.1063,4980.765,-20.5131,-0.4118,26263895000,3.96495834421e+11
2020/12/1,5067.0983,5072.5494,4963.1302,4963.1302,4960.2519,106.8464,2.1541,20406563800,3.28451014444e+11
2020/12/2,5067.1447,5090.6084,5043.3091,5072.9755,5067.0983,0.0464,0.0009,19543547600,3.10609728842e+11
2020/12/3,5057.0603,5072.3046,5033.7887,5065.4531,5067.1447,-10.0844,-0.199,17786574800,2.75335207429e+11
2020/12/4,5065.9163,5072.3865,5017.8506,5049.5231,5057.0603,8.856,0.1751,14434716700,2.57798820735e+11
2020/12/7,5022.2351,5067.8698,5014.609,5065.7285,5065.9163,-43.6812,-0.8623,13989621700,2.64657773933e+11
2020/12/8,5009.8786,5043.0605,4998.9218,5029.1063,5022.2351,-12.3565,-0.246,12307302900,2.34880648439e+11
2020/12/9,4942.6986,5033.6417,4942.5195,5022.3846,5009.8786,-67.18,-1.341,13891696500,2.60772774153e+11
2020/12/10,4940.5249,4962.7433,4919.7696,4931.2933,4942.6986,-2.1737,-0.044,12591427000,2.29651278357e+11
2020/12/11,4889.6292,4957.8236,4849.3547,4957.8236,4940.5249,-50.8957,-1.0302,15935769700,2.7521273007e+11
2020/12/14,4934.8352,4937.2601,4887.6599,4903.627,4889.6292,45.206,0.9245,12080155200,2.47878279711e+11
2020/12/15,4945.1,4954.1885,4904.7926,4931.6019,4934.8352,10.2648,0.208,11834263300,2.48093390249e+11
2020/12/16,4953.867,4968.8558,4938.1932,4957.2971,4945.1,8.767,0.1773,10677896800,2.29696035697e+11
2020/12/17,5017.4784,5021.6171,4950.3713,4960.729,4953.867,63.6114,1.2841,13338547900,2.70180356109e+11
2020/12/18,4999.9678,5027.4446,4979.0051,5014.3211,5017.4784,-17.5106,-0.349,12804961800,2.58938551536e+11
2020/12/21,5046.8396,5048.5074,4969.999,4995.7622,4999.9678,46.8718,0.9374,14081178200,2.98204296843e+11
2020/12/22,4964.7727,5055.1348,4960.9457,5034.9831,5046.8396,-82.0669,-1.6261,16234497000,3.26758817663e+11
2020/12/23,5007.1235,5028.4506,4968.1509,4977.2994,4964.7727,42.3508,0.853,14029281900,3.08729037474e+11
2020/12/24,5000.0154,5033.038,4979.2371,5006.0051,5007.1235,-7.1081,-0.142,11441866700,2.46674476189e+11
2020/12/25,5042.0137,5042.0978,4973.6812,4985.7695,5000.0154,41.9983,0.84,12100697900,2.43992268243e+11
2020/12/28,5064.4147,5089.3447,5037.8582,5042.9432,5042.0137,22.401,0.4443,13691440700,2.8101925417e+11
2020/12/29,5042.9361,5077.4167,5034.3078,5071.449,5064.4147,-21.4786,-0.4241,14119866200,2.79035233254e+11
2020/12/30,5113.7105,5113.7105,5036.6288,5037.9848,5042.9361,70.7744,1.4034,14862644800,2.96577812603e+11
2020/12/31,5211.2885,5215.6178,5122.4799,5122.4799,5113.7105,97.578,1.9082,17160250900,3.58731371835e+11
2021/1/4,5267.7181,5284.4343,5190.9372,5212.9313,5211.2885,56.4296,1.0828,21171138200,4.52796175554e+11
2021/1/5,5368.5049,5368.5049,5234.3775,5245.8355,5267.7181,100.7868,1.9133,22493115900,4.98041939761e+11
2021/1/6,5417.6677,5433.4694,5341.4304,5386.5144,5368.5049,49.1628,0.9158,19377344400,4.44434377137e+11
2021/1/7,5513.6568,5513.6568,5413.3526,5428.3944,5417.6677,95.9891,1.7718,21987208000,4.73385353696e+11
2021/1/8,5495.4306,5547.4733,5442.6939,5526.2876,5513.6568,-18.2262,-0.3306,20432495600,4.73567653979e+11
2021/1/11,5441.1583,5555.6916,5412.5046,5504.2358,5495.4306,-54.2723,-0.9876,23183598300,5.22298482544e+11
2021/1/12,5596.3525,5596.3525,5417.6272,5419.4996,5441.1583,155.1942,2.8522,22422018600,4.8623376074e+11
2021/1/13,5577.9711,5644.7195,5535.1435,5609.2637,5596.3525,-18.3814,-0.3285,26156988600,5.46959736366e+11
2021/1/14,5470.4563,5568.0179,5458.6818,5556.2125,5577.9711,-107.5148,-1.9275,24368338000,5.01890111879e+11
2021/1/15,5458.0812,5500.6348,5390.2737,5471.391,5470.4563,-12.3751,-0.2262,23863743500,4.75709920372e+11
2021/1/18,5518.5205,5541.4613,5410.775,5438.1618,5458.0812,60.4393,1.1073,20705186900,4.22717209153e+11
2021/1/19,5437.5234,5532.4793,5415.7166,5525.969,5518.5205,-80.9971,-1.4677,21104342500,4.3320517645e+11
2021/1/20,5476.4336,5496.0493,5426.5357,5439.9111,5437.5234,38.9102,0.7156,17091326000,3.73770384496e+11
2021/1/21,5564.9693,5593.1058,5490.5626,5492.9587,5476.4336,88.5357,1.6167,20995019700,4.53183684479e+11
2021/1/22,5569.776,5573.6594,5513.8769,5562.379,5564.9693,4.8067,0.0864,19930002000,4.56622193436e+11
2021/1/25,5625.9232,5655.4795,5543.2663,5564.1237,5569.776,56.1472,1.0081,19704701900,5.08166980802e+11
2021/1/26,5512.9678,5600.9017,5505.9962,5600.9017,5625.9232,-112.9554,-2.0078,17190459000,4.15008069865e+11
2021/1/27,5528.0034,5534.9928,5449.6385,5505.7708,5512.9678,15.0356,0.2727,16019084100,3.76892605839e+11
2021/1/28,5377.1427,5462.2352,5360.3766,5450.3695,5528.0034,-150.8607,-2.729,17048558500,3.76166523178e+11
2021/1/29,5351.9646,5430.2015,5288.0955,5413.9684,5377.1427,-25.1781,-0.4682,18217878400,3.90287690019e+11
2021/2/1,5417.6484,5422.299,5342.0458,5356.8535,5351.9646,65.6838,1.2273,16631370600,3.4685908373e+11
2021/2/2,5501.0915,5503.2145,5411.5173,5429.7032,5417.6484,83.4431,1.5402,16521056500,3.80016716112e+11
2021/2/3,5485.2008,5532.8864,5473.1237,5499.2961,5501.0915,-15.8907,-0.2889,18805431700,4.04343602638e+11
2021/2/4,5473.9475,5510.0535,5411.5749,5453.9764,5485.2008,-11.2533,-0.2052,18057565400,3.9799520538e+11
2021/2/5,5483.414,5550.7714,5477.6517,5494.7011,5473.9475,9.4665,0.1729,18969959800,3.9540013449e+11
2021/2/8,5564.5618,5576.4908,5479.8529,5506.1423,5483.414,81.1478,1.4799,16403377500,3.67582771659e+11
2021/2/9,5686.2502,5686.2502,5555.0537,5584.165,5564.5618,121.6884,2.1868,16488726000,3.78769121172e+11
2021/2/10,5807.7191,5823.4219,5707.3295,5709.684,5686.2502,121.4689,2.1362,17016978600,4.17056463361e+11
2021/2/18,5768.3814,5930.9122,5747.6631,5922.0714,5807.7191,-39.3377,-0.6773,21884868600,5.07481235978e+11
2021/2/19,5778.842,5787.8871,5667.3209,5734.0193,5768.3814,10.4606,0.1813,21447578000,4.56433793702e+11
2021/2/22,5597.3327,5785.5097,5597.3327,5785.5097,5778.842,-181.5093,-3.1409,28212438200,5.43633153216e+11
2021/2/23,5579.6681,5644.7551,5541.1092,5542.6841,5597.3327,-17.6646,-0.3156,23380772700,4.24904470814e+11
2021/2/24,5437.5683,5598.8284,5379.7278,5591.4795,5579.6681,-142.0998,-2.5467,22542861000,4.72369211004e+11
2021/2/25,5469.5584,5527.6296,5444.1646,5494.4706,5437.5683,31.9901,0.5883,23073602800,4.12206157141e+11
2021/2/26,5336.7609,5416.3197,5318.8579,5343.9041,5469.5584,-132.7975,-2.4279,21226454300,4.05717700128e+11
2021/3/1,5418.7837,5421.555,5345.9449,5389.2499,5336.7609,82.0228,1.5369,17746352300,3.58146545967e+11
2021/3/2,5349.6301,5454.9687,5305.0545,5453.2847,5418.7837,-69.1536,-1.2762,19651111500,3.76444604695e+11
2021/3/3,5452.2125,5452.396,5316.4809,5327.3467,5349.6301,102.5824,1.9176,19470905400,3.37610313596e+11
2021/3/4,5280.7058,5392.3725,5254.7771,5388.4785,5452.2125,-171.5067,-3.1456,21277521100,3.84382456961e+11
2021/3/5,5262.7958,5307.8203,5174.2458,5191.9699,5280.7058,-17.91,-0.3392,20262795600,3.52539774295e+11
2021/3/8,5080.0246,5326.2602,5079.7984,5299.7907,5262.7958,-182.7712,-3.4729,23023163500,4.07133802142e+11
2021/3/9,4970.9994,5094.311,4917.909,5066.1546,5080.0246,-109.0252,-2.1462,23071100400,4.14415213806e+11
2021/3/10,5003.6121,5055.2785,4981.6161,5047.0589,4970.9994,32.6127,0.6561,16992849000,3.09577408715e+11
2021/3/11,5128.2156,5138.4146,5020.5784,5024.5586,5003.6121,124.6035,2.4903,18960076600,3.33859199679e+11
2021/3/12,5146.3786,5153.674,5086.8234,5153.674,5128.2156,18.163,0.3542,20102058900,3.23237751413e+11
2021/3/15,5035.5441,5120.8757,4992.3989,5116.1228,5146.3786,-110.8345,-2.1536,20415308400,3.30740513808e+11
2021/3/16,5079.3624,5084.3085,5009.951,5054.4089,5035.5441,43.8183,0.8702,16139005400,2.71755048564e+11
2021/3/17,5100.8581,5123.5452,5020.1255,5062.7706,5079.3624,21.4957,0.4232,14916237600,2.63492417709e+11
2021/3/18,5141.7681,5160.4566,5111.1294,5114.5872,5100.8581,40.91,0.802,14290151800,2.60930046845e+11
2021/3/19,5007.0907,5089.9175,4980.7609,5068.5319,5141.7681,-134.6774,-2.6193,16417484900,2.82974489237e+11
2021/3/22,5057.152,5071.3378,4996.541,5008.3953,5007.0907,50.0613,0.9998,16740263200,2.64209098943e+11
2021/3/23,5009.2459,5064.02,4966.534,5057.0632,5057.152,-47.9061,-0.9473,15801396700,2.5575537766e+11
2021/3/24,4928.6853,5024.3274,4919.8932,4985.4013,5009.2459,-80.5606,-1.6082,15938598200,2.65970020152e+11
2021/3/25,4926.3469,4950.7608,4883.6615,4904.0683,4928.6853,-2.3384,-0.0474,13294518900,2.19782049462e+11
2021/3/26,5037.9899,5050.8292,4953.9453,4953.9453,4926.3469,111.643,2.2662,14592669700,2.73901922431e+11
2021/3/29,5046.8773,5086.6543,5010.3902,5052.2634,5037.9899,8.8874,0.1764,14338821500,2.6617659997e+11
2021/3/30,5094.7291,5106.0365,5032.795,5043.0952,5046.8773,47.8518,0.9481,13861856000,2.54928014461e+11
2021/3/31,5048.3607,5085.9497,5015.607,5085.9497,5094.7291,-46.3684,-0.9101,14133574300,2.41058485554e+11
2021/4/1,5110.7768,5115.4286,5056.8718,5059.9359,5048.3607,62.4161,1.2364,12032489000,2.11493324391e+11
2021/4/2,5161.5569,5169.8312,5116.3472,5129.8545,5110.7768,50.7801,0.9936,12700225400,2.48060376224e+11
2021/4/6,5140.3418,5181.149,5125.3301,5178.6401,5161.5569,-21.2151,-0.411,10983421000,2.13852444065e+11
2021/4/7,5103.7428,5141.6556,5065.1932,5141.6556,5140.3418,-36.599,-0.712,14576374800,2.46271190296e+11
2021/4/8,5112.2086,5129.1318,5062.0725,5078.2627,5103.7428,8.4658,0.1659,14177104700,2.28422004675e+11
2021/4/9,5035.3374,5100.0422,5022.0926,5100.0422,5112.2086,-76.8712,-1.5037,12841650900,2.21519791678e+11
2021/4/12,4947.7459,5045.6018,4933.0126,5026.9791,5035.3374,-87.5915,-1.7395,15264431400,2.67218195773e+11
2021/4/13,4939.6438,4994.5404,4924.1979,4949.8074,4947.7459,-8.1021,-0.1638,13291935800,2.25753230649e+11
2021/4/14,4980.6279,4987.1191,4940.2686,4945.6857,4939.6438,40.9841,0.8297,12086083800,2.2103627609e+11
2021/4/15,4948.9741,4969.9099,4900.3033,4969.9099,4980.6279,-31.6538,-0.6355,10882938400,2.13820884104e+11
2021/4/16,4966.1811,4979.1731,4917.9596,4966.8999,4948.9741,17.207,0.3477,11123992400,2.13389173714e+11
2021/4/19,5087.0165,5088.2106,4940.7473,4966.409,4966.1811,120.8354,2.4332,15476982400,3.07899776738e+11
2021/4/20,5083.3654,5119.8586,5058.9247,5065.7757,5087.0165,-3.6511,-0.0718,13654170000,2.76640588159e+11
2021/4/21,5098.7449,5110.5623,5047.9916,5055.2398,5083.3654,15.3795,0.3025,12463727700,2.42574995256e+11
2021/4/22,5089.2435,5119.2246,5067.1382,5114.2799,5098.7449,-9.5014,-0.1863,12116764500,2.41488845756e+11
2021/4/23,5135.4534,5149.9825,5086.4914,5088.8263,5089.2435,46.2099,0.908,12205699100,2.64345183119e+11
2021/4/26,5077.2372,5181.1066,5072.9585,5156.5941,5135.4534,-58.2162,-1.1336,15138196700,3.25760384278e+11
2021/4/27,5090.5195,5095.9842,5042.6099,5076.6415,5077.2372,13.2823,0.2616,12396183700,2.54738009834e+11
2021/4/28,5119.2421,5119.4455,5059.2628,5073.9728,5090.5195,28.7226,0.5642,12062031800,2.72182521893e+11
2021/4/29,5164.1692,5170.5852,5113.6484,5128.2795,5119.2421,44.9271,0.8776,14009248000,2.94112454366e+11
2021/4/30,5123.489,5163.2517,5094.9285,5156.3557,5164.1692,-40.6802,-0.7877,16012162100,3.15075102885e+11
2021/5/6,5061.1244,5132.8986,5037.4083,5098.8006,5123.489,-62.3646,-1.2172,15882263000,3.23258264642e+11
2021/5/7,4996.0527,5093.7471,4996.037,5073.4554,5061.1244,-65.0717,-1.2857,17225832100,3.04638402155e+11
2021/5/10,4992.422,5019.3927,4953.6965,5001.4371,4996.0527,-3.6307,-0.0727,17082058500,2.82656808853e+11
2021/5/11,5023.0595,5033.4938,4925.9152,4956.0794,4992.422,30.6375,0.6137,15152649700,2.70931616513e+11
2021/5/12,5044.5481,5051.1682,4995.4048,5003.8171,5023.0595,21.4886,0.4278,12661908600,2.28344006493e+11
2021/5/13,4992.9738,5022.0836,4975.4462,4992.3519,5044.5481,-51.5743,-1.0224,13227940600,2.37821404345e+11
2021/5/14,5110.5901,5112.9838,4981.2948,5007.6286,4992.9738,117.6163,2.3556,15942618000,3.18802786823e+11
2021/5/17,5184.9853,5206.6947,5115.3063,5115.3063,5110.5901,74.3952,1.4557,15388963400,3.35439913424e+11
2021/5/18,5187.6013,5201.6721,5156.7924,5190.9345,5184.9853,2.616,0.0505,11840426100,2.38182265922e+11
2021/5/19,5172.272,5193.5574,5151.6392,5173.1666,5187.6013,-15.3293,-0.2955,11872998300,2.50736278156e+11
2021/5/20,5186.412,5201.5935,5152.0358,5167.0546,5172.272,14.14,0.2734,13845477500,2.77088462047e+11
2021/5/21,5134.1483,5216.1615,5123.1171,5199.1285,5186.412,-52.2637,-1.0077,12476848500,2.68053627531e+11
2021/5/24,5155.5875,5155.5875,5092.3894,5138.8149,5134.1483,21.4392,0.4176,12674233600,2.78513133226e+11
2021/5/25,5318.478,5324.3609,5161.5238,5165.0361,5155.5875,162.8905,3.1595,18299683900,4.04683305641e+11
2021/5/26,5320.5927,5344.2837,5308.7389,5326.1169,5318.478,2.1147,0.0398,16960709600,3.46444644793e+11
2021/5/27,5338.2329,5378.4764,5286.05,5311.3726,5320.5927,17.6402,0.3315,14846285500,3.11893705935e+11
2021/5/28,5321.0886,5360.2774,5288.6515,5338.7278,5338.2329,-17.1443,-0.3212,16460580600,3.30711896344e+11
2021/5/31,5331.5696,5331.6294,5281.6851,5318.0825,5321.0886,10.481,0.197,14460326900,3.21450798234e+11
2021/6/1,5341.6798,5343.7529,5269.259,5320.4745,5331.5696,10.1102,0.1896,14383147400,3.21845842153e+11
2021/6/2,5289.9736,5352.6404,5266.7852,5348.344,5341.6798,-51.7062,-0.968,13775431900,2.96176177154e+11
2021/6/3,5255.2855,5314.3691,5255.0719,5285.7098,5289.9736,-34.6881,-0.6557,14196887800,2.85448632489e+11
2021/6/4,5282.2772,5334.4899,5221.2291,5228.2761,5255.2855,26.9917,0.5136,14473208700,2.92326048776e+11
2021/6/7,5277.6271,5286.8424,5242.9481,5284.8907,5282.2772,-4.6501,-0.088,12770497100,2.80463260583e+11
2021/6/8,5232.1165,5319.0406,5201.1404,5276.9711,5277.6271,-45.5106,-0.8623,13055953200,3.04042218266e+11
2021/6/9,5236.4493,5253.3555,5215.3506,5224.9496,5232.1165,4.3328,0.0828,12182032100,2.55075448703e+11
2021/6/10,5271.4661,5299.5299,5229.5182,5236.4691,5236.4493,35.0168,0.6687,13899196700,3.0145433461e+11
2021/6/11,5224.703,5276.1039,5213.5991,5275.7456,5271.4661,-46.7631,-0.8871,18080717300,3.65363494542e+11
2021/6/15,5166.5597,5225.5021,5137.409,5218.5648,5224.703,-58.1433,-1.1129,14288005800,3.30616618622e+11
2021/6/16,5080.4909,5164.5192,5076.0222,5163.2493,5166.5597,-86.0688,-1.6659,12514798500,2.98286772933e+11
2021/6/17,5101.8924,5123.3651,5073.8211,5074.3839,5080.4909,21.4015,0.4212,12045251800,2.81927280723e+11
2021/6/18,5102.4657,5128.0309,5064.9208,5104.9297,5101.8924,0.5733,0.0112,14858580500,3.56697096116e+11
2021/6/21,5090.3854,5123.7827,5058.5699,5088.0893,5102.4657,-12.0803,-0.2368,13218451600,3.31527114639e+11
2021/6/22,5122.1583,5125.8186,5086.2776,5106.0743,5090.3854,31.7729,0.6242,13041675300,3.13690367125e+11
2021/6/23,5147.3938,5171.033,5109.7571,5127.191,5122.1583,25.2355,0.4927,13635605800,3.5876566633e+11
2021/6/24,5155.9738,5160.4346,5120.5844,5156.5638,5147.3938,8.58,0.1667,12668562500,3.12607422609e+11
2021/6/25,5239.9684,5251.6076,5157.4758,5159.8017,5155.9738,83.9946,1.6291,15493106100,3.68265641241e+11
2021/6/28,5251.7604,5260.6372,5226.2201,5253.6081,5239.9684,11.792,0.225,13319378300,3.37452771676e+11
2021/6/29,5190.5445,5248.5249,5182.6771,5248.5249,5251.7604,-61.2159,-1.1656,12516299700,3.14896843024e+11
2021/6/30,5224.041,5231.4262,5186.625,5189.3797,5190.5445,33.4965,0.6453,10375267100,2.8101550494e+11
2021/7/1,5229.6642,5252.2642,5190.8762,5241.2039,5224.041,5.6232,0.1076,12724062000,3.24097400268e+11
2021/7/2,5081.1172,5186.6613,5074.3621,5186.6613,5229.6642,-148.547,-2.8405,13042642400,3.42578961248e+11
2021/7/5,5085.7924,5098.2305,5048.004,5073.7787,5081.1172,4.6752,0.092,13121158900,3.3519778663e+11
2021/7/6,5083.1043,5092.2066,5028.5058,5089.778,5085.7924,-2.6881,-0.0529,14065522000,3.62828901849e+11
2021/7/7,5140.4899,5152.7711,5045.4056,5052.4204,5083.1043,57.3856,1.1289,14854906000,3.36731403376e+11
2021/7/8,5088.2566,5151.2171,5078.9295,5149.3095,5140.4899,-52.2333,-1.0161,17390100800,3.9787986988e+11
2021/7/9,5069.4361,5081.4086,5006.4115,5063.148,5088.2566,-18.8205,-0.3699,16065322600,3.52845583769e+11
2021/7/12,5132.7088,5159.4115,5070.3188,5108.3783,5069.4361,63.2727,1.2481,20621203900,4.37203145943e+11
2021/7/13,5142.0991,5154.0508,5114.943,5128.6138,5132.7088,9.3903,0.183,16648220900,3.61328491653e+11
2021/7/14,5083.0849,5130.7522,5075.1252,5130.7522,5142.0991,-59.0142,-1.1477,18835272000,3.72568110292e+11
2021/7/15,5151.4626,5153.8056,5067.6767,5073.2634,5083.0849,68.3777,1.3452,18107710300,3.72484081123e+11
2021/7/16,5094.7727,5140.904,5090.6321,5140.904,5151.4626,-56.6899,-1.1005,16995598200,3.62594258079e+11
2021/7/19,5113.4945,5120.8235,5047.6234,5083.7276,5094.7727,18.7218,0.3675,15319958900,3.40322623792e+11
2021/7/20,5108.9941,5114.0033,5067.8619,5080.2158,5113.4945,-4.5004,-0.088,12930004400,2.83543130755e+11
2021/7/21,5144.0428,5160.5447,5122.3046,5122.7843,5108.9941,35.0487,0.686,16797646900,3.90275519305e+11
2021/7/22,5151.7517,5171.2096,5137.8795,5150.3859,5144.0428,7.7089,0.1499,18555686400,4.18221654806e+11
2021/7/23,5089.2282,5145.4308,5079.9973,5145.4308,5151.7517,-62.5235,-1.2136,21653684700,4.35521169695e+11
2021/7/26,4925.299,5067.3072,4859.6031,5067.3072,5089.2282,-163.9292,-3.2211,22811171000,4.95153655117e+11
2021/7/27,4751.313,4940.86,4749.0327,4924.2816,4925.299,-173.986,-3.5325,23663122500,5.21146117041e+11
2021/7/28,4760.4826,4785.6567,4663.9009,4714.2948,4751.313,9.1696,0.193,19263439300,4.19706155163e+11
2021/7/29,4850.2746,4857.9709,4800.0125,4845.7603,4760.4826,89.792,1.8862,17332205400,4.15676120878e+11
2021/7/30,4811.1695,4825.7002,4761.0376,4825.7002,4850.2746,-39.1051,-0.8062,18234977600,4.20943935062e+11
2021/8/2,4933.736,4938.8154,4761.4593,4794.8192,4811.1695,122.5665,2.5475,22719491800,5.24659449296e+11
2021/8/3,4934.4583,4957.0291,4890.8495,4909.2325,4933.736,0.7223,0.0146,20353336000,4.71194128402e+11
2021/8/4,4978.8479,4979.2911,4919.6569,4927.7358,4934.4583,44.3896,0.8996,17546646100,4.25801406612e+11
2021/8/5,4948.6703,4997.1397,4921.9382,4946.1668,4978.8479,-30.1776,-0.6061,16738182900,3.98772206808e+11
2021/8/6,4921.5647,4944.3486,4891.7968,4943.0427,4948.6703,-27.1056,-0.5477,15417968800,3.71773603785e+11
2021/8/9,4985.5627,5002.8944,4884.0392,4890.2573,4921.5647,63.998,1.3004,18243687100,4.08897062935e+11
2021/8/10,5043.148,5043.7608,4941.2399,4977.8164,4985.5627,57.5853,1.155,16705190200,4.1009875561e+11
2021/8/11,5015.3406,5059.7887,5009.9782,5037.0819,5043.148,-27.8074,-0.5514,18226607400,3.73386347207e+11
2021/8/12,4973.3509,5016.2628,4962.985,4998.0733,5015.3406,-41.9897,-0.8372,16822373300,3.61828381964e+11
2021/8/13,4945.9829,4993.7432,4921.2812,4958.7577,4973.3509,-27.368,-0.5503,15831432100,3.52459069036e+11
2021/8/16,4941.0676,4973.3761,4931.3691,4935.9229,4945.9829,-4.9153,-0.0994,16195337300,3.40735120175e+11
2021/8/17,4837.4034,4967.5648,4823.3923,4935.0044,4941.0676,-103.6642,-2.098,18757347200,3.88457131504e+11
2021/8/18,4894.2384,4909.5409,4818.9013,4838.4706,4837.4034,56.835,1.1749,19747437800,3.9579216576e+11
2021/8/19,4862.1394,4893.467,4839.5681,4886.564,4894.2384,-32.099,-0.6559,20171171900,3.97424964846e+11
2021/8/20,4769.2678,4835.153,4720.8257,4817.4937,4862.1394,-92.8716,-1.9101,17763581000,4.04938035667e+11
2021/8/23,4835.8782,4843.8193,4764.0089,4777.7347,4769.2678,66.6104,1.3967,16757909300,3.89599126282e+11
2021/8/24,4888.3902,4906.2036,4842.7476,4844.5925,4835.8782,52.512,1.0859,19788316300,4.17481426158e+11
2021/8/25,4898.1572,4899.7651,4865.7646,4890.5211,4888.3902,9.767,0.1998,18944801600,3.71868197459e+11
2021/8/26,4801.6094,4892.2044,4798.6954,4892.2044,4898.1572,-96.5478,-1.9711,19761738700,3.68987718506e+11
2021/8/27,4827.0433,4863.4692,4793.5908,4794.974,4801.6094,25.4339,0.5297,18331021100,3.68421410281e+11
2021/8/30,4813.2703,4849.1598,4787.1999,4847.0348,4827.0433,-13.773,-0.2853,21963575700,4.7718207172e+11
2021/8/31,4805.6099,4821.7564,4740.7524,4803.0854,4813.2703,-7.6604,-0.1592,23511865800,4.60805653996e+11
2021/9/1,4869.4587,4906.4024,4763.2992,4804.6863,4805.6099,63.8488,1.3286,32672108000,5.68819748406e+11
2021/9/2,4869.4113,4892.7049,4845.6246,4865.8218,4869.4587,-0.0474,-0.001,26785801300,4.65954132797e+11
2021/9/3,4843.0624,4886.5477,4828.6991,4875.0656,4869.4113,-26.3489,-0.5411,26809189600,4.664301197e+11
2021/9/6,4933.7262,4944.4497,4837.7859,4841.0623,4843.0624,90.6638,1.872,24050724500,4.52756275292e+11
2021/9/7,4992.8294,5005.9606,4915.6119,4932.9759,4933.7262,59.1032,1.1979,24417851900,4.17759639121e+11
2021/9/8,4972.1324,5013.9764,4955.8876,4986.7953,4992.8294,-20.697,-0.4145,26461531500,4.28591077708e+11
2021/9/9,4970.0133,4970.147,4929.9501,4952.4924,4972.1324,-2.1191,-0.0426,25653021700,4.01675689276e+11
2021/9/10,5013.5219,5042.7994,4962.3707,4967.9759,4970.0133,43.5086,0.8754,28830435200,4.72762533239e+11
2021/9/13,4991.6598,5029.7237,4964.9599,5006.7748,5013.5219,-21.8621,-0.4361,24991529800,4.33329627421e+11
2021/9/14,4917.1617,5000.9772,4907.3159,4989.8348,4991.6598,-74.4981,-1.4925,24559040200,4.17245830782e+11
2021/9/15,4867.3187,4903.8471,4843.1158,4903.8471,4917.1617,-49.843,-1.0137,18798473000,3.63256653878e+11
2021/9/16,4807.6978,4879.5306,4806.1442,4866.7936,4867.3187,-59.6209,-1.2249,21675209900,3.93517267166e+11
2021/9/17,4855.9402,4857.958,4786.0876,4797.1129,4807.6978,48.2424,1.0034,20195812700,3.60397420087e+11
2021/9/22,4821.7675,4830.8496,4765.2301,4770.7323,4855.9402,-34.1727,-0.7037,19122037600,3.11952989432e+11
2021/9/23,4853.1957,4877.3359,4837.5571,4848.2223,4821.7675,31.4282,0.6518,22815106400,3.62140919563e+11
2021/9/24,4849.4277,4897.0596,4838.5352,4845.638,4853.1957,-3.768,-0.0776,20769329000,3.61849453197e+11
2021/9/27,4877.3698,4922.5626,4852.1997,4870.8482,4849.4277,27.9421,0.5762,21596703000,4.26083025418e+11
2021/9/28,4883.828,4901.3114,4846.6306,4869.0845,4877.3698,6.4582,0.1324,17689088000,3.21272191534e+11
2021/9/29,4833.9281,4868.0678,4799.877,4846.0212,4883.828,-49.8999,-1.0217,18817136600,3.31841767749e+11
2021/9/30,4866.3826,4876.0728,4843.9531,4843.9531,4833.9281,32.4545,0.6714,14611389600,2.83254685232e+11
2021/10/8,4929.9409,4937.0918,4891.6249,4915.7305,4866.3826,63.5583,1.3061,16896807700,3.43635835306e+11
2021/10/11,4936.1918,4983.7294,4930.7132,4941.2918,4929.9409,6.2509,0.1268,16351162400,3.15186321382e+11
2021/10/12,4883.8369,4925.4883,4840.77,4920.6596,4936.1918,-52.3549,-1.0606,16807933700,2.99424238601e+11
2021/10/13,4940.1089,4953.3749,4869.8307,4880.144,4883.8369,56.272,1.1522,13114281300,2.80044666628e+11
2021/10/14,4913.6123,4953.9231,4903.2498,4934.2575,4940.1089,-26.4966,-0.5364,11955701300,2.49151666554e+11
2021/10/15,4932.1084,4939.8153,4881.0136,4896.5578,4913.6123,18.4961,0.3764,14282200100,3.00728491201e+11
2021/10/18,4874.7753,4922.5137,4844.9383,4922.5137,4932.1084,-57.3331,-1.1624,14124519900,3.02539444437e+11
2021/10/19,4922.7232,4928.1433,4868.8106,4869.3907,4874.7753,47.9479,0.9836,13526649300,2.82928243807e+11
2021/10/20,4910.1846,4944.0216,4898.3651,4926.7727,4922.7232,-12.5386,-0.2547,14153318300,2.79747732455e+11
2021/10/21,4928.0156,4946.1764,4893.8525,4914.7378,4910.1846,17.831,0.3631,14889815400,2.74802962495e+11
2021/10/22,4959.7254,4989.887,4934.8698,4934.8698,4928.0156,31.7098,0.6435,14392622800,2.892526122e+11
2021/10/25,4979.5235,4981.6499,4930.112,4940.8962,4959.7254,19.7981,0.3992,14186149000,2.99408232158e+11
2021/10/26,4963.0984,5002.5746,4953.4787,4983.2383,4979.5235,-16.4251,-0.3299,14088894300,3.0178622974e+11
2021/10/27,4898.1644,4949.2269,4884.9418,4949.2269,4963.0984,-64.934,-1.3083,14711159300,2.99460469415e+11
2021/10/28,4864.138,4898.6576,4846.2779,4882.5858,4898.1644,-34.0264,-0.6947,15664947200,3.16631709566e+11
2021/10/29,4908.7701,4908.7701,4855.7593,4861.2667,4864.138,44.6321,0.9176,15988735300,3.6873198731e+11
2021/11/1,4890.6851,4908.2056,4858.2485,4878.1276,4908.7701,-18.085,-0.3684,17158397400,3.79730767559e+11
2021/11/2,4839.8457,4911.2266,4797.899,4886.1849,4890.6851,-50.8394,-1.0395,18543768800,3.85731879818e+11
2021/11/3,4821.1119,4858.7133,4804.3657,4835.8093,4839.8457,-18.7338,-0.3871,14276382000,3.02269934656e+11
2021/11/4,4868.7419,4873.9394,4834.7433,4841.0912,4821.1119,47.63,0.9879,13259297000,3.08688054574e+11
2021/11/5,4842.3458,4889.6835,4841.7442,4858.8999,4868.7419,-26.3961,-0.5422,14778935900,3.12070841453e+11
2021/11/8,4848.1795,4866.0822,4827.6892,4841.1527,4842.3458,5.8337,0.1205,13739826400,2.95893824e+11
2021/11/9,4846.7444,4870.7905,4818.5386,4858.2525,4848.1795,-1.4351,-0.0296,11837552600,2.61645065376e+11
2021/11/10,4821.1925,4832.8006,4753.9959,4832.8006,4846.7444,-25.5519,-0.5272,13511817900,3.0105896627e+11
2021/11/11,4898.6529,4898.6529,4809.1109,4814.7655,4821.1925,77.4604,1.6067,16048486300,3.23624626069e+11
2021/11/12,4888.3749,4909.0839,4875.3492,4902.9289,4898.6529,-10.278,-0.2098,13266296900,2.71773244503e+11
2021/11/15,4882.3777,4906.3301,4863.396,4894.4119,4888.3749,-5.9972,-0.1227,12182314900,2.7299774891e+11
2021/11/16,4883.3206,4915.3717,4876.5004,4880.8964,4882.3777,0.9429,0.0193,12725440600,2.84094590893e+11
2021/11/17,4885.7544,4891.5232,4864.5198,4883.2481,4883.3206,2.4338,0.0498,10845922300,2.46177916949e+11
2021/11/18,4837.6185,4871.4216,4830.4123,4871.4216,4885.7544,-48.1359,-0.9852,11448056500,2.44484713797e+11
2021/11/19,4890.0575,4892.8093,4829.5665,4832.0595,4837.6185,52.439,1.084,12719831200,2.66280681864e+11
2021/11/22,4912.399,4918.9957,4893.2732,4895.3875,4890.0575,22.3415,0.4569,13809283600,3.1614881148e+11
2021/11/23,4913.3457,4927.5211,4896.8781,4905.7587,4912.399,0.9467,0.0193,15430441100,3.01022146081e+11
2021/11/24,4916.6579,4935.4885,4899.6112,4914.0266,4913.3457,3.3122,0.0674,13715067300,2.89707337709e+11
2021/11/25,4896.4416,4921.3333,4891.728,4917.6055,4916.6579,-20.2163,-0.4112,11598403100,2.55450994352e+11
2021/11/26,4860.1265,4886.9516,4850.8114,4886.9516,4896.4416,-36.3151,-0.7417,12036897400,2.43041335647e+11
2021/11/29,4851.423,4858.5322,4818.7058,4820.0053,4860.1265,-8.7035,-0.1791,13362686200,2.85995221657e+11
2021/11/30,4832.026,4871.2528,4810.2192,4857.183,4851.423,-19.397,-0.3998,12963059600,2.79268234018e+11
2021/12/1,4843.851,4844.5242,4823.9254,4831.8885,4832.026,11.825,0.2447,12308678900,2.55968912362e+11
2021/12/2,4856.163,4866.8505,4830.3228,4839.9137,4843.851,12.312,0.2542,14808852100,2.78051726156e+11
2021/12/3,4901.0175,4901.0175,4853.3505,4856.9802,4856.163,44.8545,0.9237,14405962600,3.00052698342e+11
2021/12/6,4892.6209,4943.9032,4888.6927,4909.4292,4901.0175,-8.3966,-0.1713,17361568300,3.33405791015e+11
2021/12/7,4922.1015,4934.0973,4895.2178,4930.8261,4892.6209,29.4806,0.6026,17905346000,3.40617766238e+11
2021/12/8,4995.9298,4995.9298,4915.7898,4934.4056,4922.1015,73.8283,1.4999,15749055900,3.29064831239e+11
2021/12/9,5078.6901,5114.5012,4999.4097,5000.6871,4995.9298,82.7603,1.6566,22056877600,4.25680958779e+11
2021/12/10,5055.1172,5060.0554,5035.8087,5046.2677,5078.6901,-23.5729,-0.4642,19369515400,3.5691762538e+11
2021/12/13,5083.8007,5143.841,5079.7276,5090.0207,5055.1172,28.6835,0.5674,21180159600,4.26376532477e+11
2021/12/14,5049.6953,5075.2138,5038.8583,5066.3497,5083.8007,-34.1054,-0.6709,15910779000,3.18685538074e+11
2021/12/15,5005.8991,5060.368,5003.7776,5036.284,5049.6953,-43.7962,-0.8673,15052975200,2.91072568761e+11
2021/12/16,5034.7321,5034.7321,4987.2247,5006.6105,5005.8991,28.833,0.576,14405386700,2.91474766866e+11
2021/12/17,4954.7599,5022.1067,4954.7592,5021.3385,5034.7321,-79.9722,-1.5884,14900539900,2.97943311187e+11
2021/12/20,4880.4178,4971.6727,4872.6846,4934.9662,4954.7599,-74.3421,-1.5004,16967569000,3.1753691939e+11
2021/12/21,4913.4853,4917.7994,4872.9491,4876.5141,4880.4178,33.0675,0.6776,14333989800,2.59023177323e+11
2021/12/22,4914.4544,4936.6731,4903.1652,4924.5771,4913.4853,0.9691,0.0197,13325674000,2.44642450514e+11
2021/12/23,4948.7389,4948.7389,4906.7473,4924.2912,4914.4544,34.2845,0.6976,13955540600,2.63359754801e+11
2021/12/24,4921.3449,4964.9064,4905.9785,4953.0616,4948.7389,-27.394,-0.5536,14267332300,2.90483663506e+11
2021/12/27,4919.3238,4939.689,4894.1598,4918.1462,4921.3449,-2.0211,-0.0411,12410095200,2.54421525173e+11
2021/12/28,4955.9644,4959.1448,4913.5983,4923.6917,4919.3238,36.6406,0.7448,13045775700,2.76316732181e+11
2021/12/29,4883.4804,4958.6455,4883.4804,4958.6455,4955.9644,-72.484,-1.4626,11358700200,2.73225467112e+11
2021/12/30,4921.5109,4940.178,4878.6478,4882.1561,4883.4804,38.0305,0.7788,12161717800,2.68022477312e+11
2021/12/31,4940.3733,4950.3639,4923.1392,4937.463,4921.5109,18.8624,0.3833,12131373700,2.66975388723e+11
2022/1/4,4917.7653,4961.4527,4874.5337,4957.9835,4940.3733,-22.608,-0.4576,15153477600,3.36516961627e+11
2022/1/5,4868.1202,4916.2822,4851.9835,4907.9347,4917.7653,-49.6451,-1.0095,17881610000,3.63944528848e+11
2022/1/6,4818.2318,4857.5596,4786.433,4842.156,4868.1202,-49.8884,-1.0248,15766582600,3.21750076549e+11
2022/1/7,4822.3689,4856.6522,4818.1931,4824.3181,4818.2318,4.1371,0.0859,18713941300,3.32218950734e+11
2022/1/10,4844.0451,4844.3928,4780.8191,4812.23,4822.3689,21.6762,0.4495,15621169600,3.05033816784e+11
2022/1/11,4797.7735,4850.879,4791.8854,4840.0087,4844.0451,-46.2716,-0.9552,14692800400,2.86445756034e+11
2022/1/12,4845.5787,4852.7314,4810.919,4818.8902,4797.7735,47.8052,0.9964,14320020400,2.93153042845e+11
2022/1/13,4765.9191,4853.0632,4765.2416,4853.0314,4845.5787,-79.6596,-1.644,14251965300,2.88799117043e+11
2022/1/14,4726.7317,4764.0522,4723.9428,4743.9124,4765.9191,-39.1874,-0.8222,14686312600,2.81828448517e+11
2022/1/17,4767.2762,4775.2385,4726.7083,4728.7595,4726.7317,40.5445,0.8578,11529569100,2.63788241676e+11
2022/1/18,4813.3472,4826.3003,4747.92,4766.7811,4767.2762,46.071,0.9664,15087080200,2.82749393139e+11
2022/1/19,4780.3784,4828.7522,4755.9301,4815.8106,4813.3472,-32.9688,-0.6849,13392736000,2.75534557468e+11
2022/1/20,4823.5091,4845.0048,4777.5683,4778.2616,4780.3784,43.1307,0.9022,16497131500,3.0434426797e+11
2022/1/21,4779.3142,4818.3052,4762.5641,4808.7733,4823.5091,-44.1949,-0.9162,13895258500,2.74699155294e+11
2022/1/24,4786.7377,4801.0976,4746.4479,4753.9413,4779.3142,7.4235,0.1553,11446388000,2.46261594853e+11
2022/1/25,4678.4511,4781.3908,4678.2472,4761.95,4786.7377,-108.2866,-2.2622,13366758600,2.50555769168e+11
2022/1/26,4712.3109,4718.9946,4648.1283,4697.0991,4678.4511,33.8598,0.7237,10707084200,2.26553448357e+11
2022/1/27,4619.8765,4708.4364,4616.0273,4708.0989,4712.3109,-92.4344,-1.9616,12126380400,2.50535654824e+11
2022/1/28,4563.772,4660.519,4559.8331,4641.8137,4619.8765,-56.1045,-1.2144,12648011200,2.63967891828e+11
2022/2/7,4634.0899,4672.6535,4615.0052,4638.5754,4563.772,70.3179,1.5408,14484972000,2.66031793985e+11
2022/2/8,4608.7729,4626.4365,4522.4709,4626.4365,4634.0899,-25.317,-0.5463,15583070800,2.81364873762e+11
2022/2/9,4652.0609,4659.4611,4595.2826,4608.1491,4608.7729,43.288,0.9393,14833554700,2.73771960506e+11
2022/2/10,4639.8625,4657.2107,4608.0905,4657.2107,4652.0609,-12.1984,-0.2622,15157666600,2.87224388086e+11
2022/2/11,4601.3953,4662.5963,4595.8751,4617.8741,4639.8625,-38.4672,-0.8291,15597458400,3.07938016714e+11
2022/2/14,4551.6878,4593.6324,4530.0566,4579.4202,4601.3953,-49.7075,-1.0803,14367389400,2.75737553467e+11
2022/2/15,4600.1025,4601.453,4550.543,4553.8112,4551.6878,48.4147,1.0637,11502560000,2.49977008675e+11
2022/2/16,4617.9893,4643.1003,4607.2178,4619.8458,4600.1025,17.8868,0.3888,10725895500,2.10190931036e+11
2022/2/17,4629.1649,4650.1591,4606.9522,4616.8955,4617.9893,11.1756,0.242,11001464300,2.27946249306e+11
2022/2/18,4651.2358,4651.3415,4598.1003,4604.5669,4629.1649,22.0709,0.4768,10455022800,1.95825700478e+11
2022/2/21,4634.3141,4646.6724,4613.2971,4646.0522,4651.2358,-16.9217,-0.3638,11251651200,2.15039182297e+11
2022/2/22,4574.1527,4602.066,4550.804,4601.9184,4634.3141,-60.1614,-1.2982,12331723700,2.46872960668e+11
2022/2/23,4623.0465,4625.2979,4579.2945,4582.0064,4574.1527,48.8938,1.0689,12295291600,2.59050146194e+11
2022/2/24,4529.3189,4610.8792,4488.4763,4592.069,4623.0465,-93.7276,-2.0274,18440305800,3.42346666856e+11
2022/2/25,4573.4247,4611.8602,4561.8964,4564.6321,4529.3189,44.1058,0.9738,14972258300,2.71727599672e+11
2022/2/28,4581.6459,4581.6459,4530.6764,4563.7427,4573.4247,8.2212,0.1798,13540697800,2.48363727483e+11
2022/3/1,4619.6862,4623.4312,4583.917,4597.855,4581.6459,38.0403,0.8303,12313922000,2.60431185064e+11
2022/3/2,4578.6007,4594.017,4558.4416,4594.017,4619.6862,-41.0855,-0.8894,11329832500,2.15299655365e+11
2022/3/3,4551.6283,4599.3973,4544.4313,4595.0249,4578.6007,-26.9724,-0.5891,13828587700,2.42701771996e+11
2022/3/4,4496.4301,4539.3925,4481.4927,4513.3636,4551.6283,-55.1982,-1.2127,12726680600,2.49970282271e+11
2022/3/7,4352.7775,4462.5174,4338.3042,4462.5174,4496.4301,-143.6526,-3.1948,16219770600,3.06898527658e+11
2022/3/8,4265.391,4383.6467,4252.5386,4361.6424,4352.7775,-87.3865,-2.0076,16786327700,3.15176698371e+11
2022/3/9,4226.3463,4304.482,4068.193,4280.9789,4265.391,-39.0447,-0.9154,19423290000,3.41009391866e+11
2022/3/10,4292.8374,4335.6731,4288.5078,4326.2035,4226.3463,66.4911,1.5733,14526638300,3.01636182195e+11
2022/3/11,4306.5217,4316.044,4176.4522,4231.1961,4292.8374,13.6843,0.3188,15239992100,2.95008832432e+11
2022/3/14,4174.7577,4280.3609,4174.7577,4248.1526,4306.5217,-131.764,-3.0596,13018723600,2.60691659461e+11
2022/3/15,3983.812,4163.4176,3983.812,4125.4866,4174.7577,-190.9457,-4.5738,20252469900,3.46988947368e+11
2022/3/16,4156.081,4168.5853,3942.861,4053.099,3983.812,172.269,4.3242,19602198200,3.7888358829e+11
2022/3/17,4237.6956,4302.7426,4217.8038,4237.6722,4156.081,81.6146,1.9637,17940734400,3.85039197286e+11
2022/3/18,4265.9017,4283.3679,4194.9402,4218.4736,4237.6956,28.2061,0.6656,14945830500,2.75791291073e+11
2022/3/21,4258.7459,4287.8166,4223.024,4280.1397,4265.9017,-7.1558,-0.1677,12703636000,2.51214543321e+11
2022/3/22,4255.295,4283.3344,4236.6888,4252.5658,4258.7459,-3.4509,-0.081,12638247000,2.26213533984e+11
2022/3/23,4276.5174,4287.5771,4241.957,4269.6088,4255.295,21.2224,0.4987,11708907800,2.26390778403e+11
2022/3/24,4251.3061,4273.9568,4216.8506,4249.5328,4276.5174,-25.2113,-0.5895,10891827200,2.1959443054e+11
2022/3/25,4174.5742,4254.8449,4173.93,4249.0731,4251.3061,-76.7319,-1.8049,10880804600,2.17013187265e+11
2022/3/28,4148.4663,4174.1206,4091.2978,4128.8379,4174.5742,-26.1079,-0.6254,11844902100,2.13468973998e+11
2022/3/29,4134.1441,4177.2134,4124.7179,4155.4182,4148.4663,-14.3222,-0.3452,10026697200,1.99463853668e+11
2022/3/30,4254.0989,4254.0989,4160.7351,4162.1666,4134.1441,119.9548,2.9016,13834602400,2.68869181171e+11
2022/3/31,4222.5968,4247.3602,4214.5352,4234.7159,4254.0989,-31.5021,-0.7405,13402918500,2.38877216806e+11
2022/4/1,4276.158,4290.671,4190.0835,4198.8191,4222.5968,53.5612,1.2684,13380305300,2.44758870755e+11
2022/4/6,4263.8411,4277.5238,4236.7283,4258.8325,4276.158,-12.3169,-0.288,15906219500,2.53690929898e+11
2022/4/7,4209.0998,4278.1127,4205.743,4240.0237,4263.8411,-54.7413,-1.2838,13488035300,2.16996185504e+11
2022/4/8,4230.7669,4237.8126,4175.5287,4213.2107,4209.0998,21.6671,0.5148,14284379300,2.29081764759e+11
2022/4/11,4100.0703,4203.7902,4089.0934,4203.7902,4230.7669,-130.6966,-3.0892,14819707100,2.65224932472e+11
2022/4/12,4179.9727,4179.9727,4075.796,4102.9711,4100.0703,79.9024,1.9488,14428568400,2.52830412756e+11
2022/4/13,4139.737,4194.0374,4139.737,4154.4121,4179.9727,-40.2357,-0.9626,12509748900,2.2128102956e+11
2022/4/14,4191.5684,4217.0612,4155.5509,4172.6443,4139.737,51.8314,1.252,12479131600,2.4599382204e+11
2022/4/15,4188.7472,4211.3174,4152.974,4162.3718,4191.5684,-2.8212,-0.0673,12476226300,2.26229740275e+11
2022/4/18,4166.3844,4171.7427,4119.9941,4152.9306,4188.7472,-22.3628,-0.5339,11750461000,2.12855328187e+11
2022/4/19,4134.9017,4186.9389,4115.4184,4161.9328,4166.3844,-31.4827,-0.7556,11021747100,2.08570579129e+11
2022/4/20,4070.7889,4136.1661,4060.5044,4130.5427,4134.9017,-64.1128,-1.5505,11733165800,2.16536635695e+11
2022/4/21,3995.83,4086.4393,3978.3669,4048.7338,4070.7889,-74.9589,-1.8414,13278382800,2.27026679682e+11
2022/4/22,4013.2498,4037.084,3953.7217,3967.2016,3995.83,17.4198,0.4359,12210181100,2.06371766716e+11
2022/4/25,3814.9127,3958.2102,3814.9127,3933.4459,4013.2498,-198.3371,-4.9421,16836450200,2.72889272275e+11
2022/4/26,3784.1198,3871.8498,3773.8986,3822.4887,3814.9127,-30.7929,-0.8072,15757761100,2.59626354225e+11
2022/4/27,3895.5361,3895.731,3757.0859,3758.0835,3784.1198,111.4163,2.9443,17273404600,2.96924102939e+11
2022/4/28,3921.1073,3943.4349,3873.5781,3883.4196,3895.5361,25.5712,0.6564,15305658600,2.68502242453e+11
2022/4/29,4016.241,4017.4281,3898.5701,3939.6238,3921.1073,95.1337,2.4262,17945837700,3.21414877428e+11
2022/5/5,4010.2102,4039.7,3988.9312,3995.3533,4016.241,-6.0308,-0.1502,15417071600,2.90538230663e+11
2022/5/6,3908.815,3947.2378,3902.051,3928.8548,4010.2102,-101.3952,-2.5284,12300555100,2.14825174047e+11
2022/5/9,3877.4364,3914.1116,3854.9353,3883.9514,3908.815,-31.3786,-0.8028,9293669400,1.71756502864e+11
2022/5/10,3919.8684,3932.6823,3808.5699,3820.6278,3877.4364,42.432,1.0943,13641691800,2.39060211933e+11
2022/5/11,3976.4231,4033.3026,3916.5249,3917.9322,3919.8684,56.5547,1.4428,16563225600,3.09294912797e+11
2022/5/12,3958.74,3985.9268,3935.5886,3949.949,3976.4231,-17.6831,-0.4447,11337606600,2.02029156415e+11
2022/5/13,3988.6002,4003.8539,3957.1392,3983.8201,3958.74,29.8602,0.7543,10996835700,1.95727044922e+11
2022/5/16,3956.5378,4018.0283,3947.7461,4014.9955,3988.6002,-32.0624,-0.8039,11242529400,1.99717909541e+11
2022/5/17,4005.8934,4005.8934,3955.1018,3961.7605,3956.5378,49.3556,1.2474,10966145400,2.10117539691e+11
2022/5/18,3991.9069,4017.341,3964.7503,4015.0134,4005.8934,-13.9865,-0.3491,10807423300,2.01800666052e+11
2022/5/19,3999.5984,3999.5984,3933.7452,3938.2964,3991.9069,7.6915,0.1927,11629342000,2.10206681642e+11
2022/5/20,4077.5998,4077.6016,4020.8162,4020.8162,3999.5984,78.0014,1.9502,14706917300,2.65609089943e+11
2022/5/23,4053.9823,4080.9694,4029.0846,4080.9694,4077.5998,-23.6175,-0.5792,13047781000,2.25981540919e+11
2022/5/24,3959.1541,4055.783,3959.1541,4052.8675,4053.9823,-94.8282,-2.3391,14555433600,2.47713039713e+11
2022/5/25,3983.1784,3983.6236,3946.8083,3959.7672,3959.1541,24.0243,0.6068,10773401500,1.88700537391e+11
2022/5/26,3993.0446,4015.7468,3938.2389,3987.6815,3983.1784,9.8662,0.2477,12626368900,2.16987025401e+11
2022/5/27,4001.2988,4051.1428,3983.3838,4022.7095,3993.0446,8.2542,0.2067,11276933700,2.06944426227e+11
2022/5/30,4029.0179,4040.819,4003.3768,4020.8584,4001.2988,27.7191,0.6928,11115224100,2.11144721616e+11
2022/5/31,4091.5176,4096.1971,4020.3781,4031.7621,4029.0179,62.4997,1.5512,13541551300,2.67770088726e+11
2022/6/1,4083.1772,4094.9008,4058.8468,4086.6177,4091.5176,-8.3404,-0.2038,11485087900,2.25416237873e+11
2022/6/2,4089.5682,4091.152,4057.9135,4063.9996,4083.1772,6.391,0.1565,11389363800,2.22657537906e+11
2022/6/6,4166.085,4166.6151,4063.9057,4090.5286,4089.5682,76.5168,1.871,16787101100,3.24075626903e+11
2022/6/7,4179.1285,4198.0863,4155.1683,4165.6899,4166.085,13.0435,0.3131,14299288100,2.85733722333e+11
2022/6/8,4219.8122,4224.8096,4158.0329,4187.1483,4179.1285,40.6837,0.9735,15737405700,3.19480252836e+11
2022/6/9,4175.6747,4227.4484,4160.8814,4211.7225,4219.8122,-44.1375,-1.046,16844915400,2.85172804212e+11
2022/6/10,4238.9936,4241.3541,4140.2203,4145.6505,4175.6747,63.3189,1.5164,18479621400,3.24091440663e+11
2022/6/13,4189.3527,4218.2327,4156.7146,4194.4574,4238.9936,-49.6409,-1.1711,16847562200,3.36585670508e+11
2022/6/14,4222.3114,4224.0857,4102.929,4143.2232,4189.3527,32.9587,0.7867,17138590400,3.35418557932e+11
2022/6/15,4278.2178,4348.4226,4228.2926,4228.2926,4222.3114,55.9064,1.3241,25704659000,4.59766820665e+11
2022/6/16,4250.0614,4302.9212,4241.075,4282.0827,4278.2178,-28.1564,-0.6581,18407441600,3.37235911542e+11
2022/6/17,4309.0444,4318.7655,4218.6817,4219.2339,4250.0614,58.983,1.3878,15864909800,3.46675726829e+11
2022/6/20,4330.4328,4368.3555,4297.8912,4322.8324,4309.0444,21.3884,0.4964,16566638200,3.5956929686e+11
2022/6/21,4325.5657,4357.3396,4287.1406,4327.9159,4330.4328,-4.8671,-0.1124,16466761500,3.1716331774e+11
2022/6/22,4270.6227,4333.1827,4269.2456,4331.902,4325.5657,-54.943,-1.2702,15856585400,2.98656263311e+11
2022/6/23,4343.8781,4343.8781,4260.9002,4277.9555,4270.6227,73.2554,1.7153,17088236000,3.27144780544e+11
2022/6/24,4394.7723,4400.6852,4346.1221,4354.553,4343.8781,50.8942,1.1716,16897219900,3.56054750522e+11
2022/6/27,4444.2639,4472.6948,4414.3321,4414.3321,4394.7723,49.4916,1.1261,17738567600,3.81432966328e+11
2022/6/28,4490.5166,4497.8949,4407.3519,4442.5811,4444.2639,46.2527,1.0407,17475648900,3.61685970664e+11
2022/6/29,4421.357,4503.1307,4413.9961,4472.7346,4490.5166,-69.1596,-1.5401,18727668800,3.95926107698e+11
2022/6/30,4485.0108,4514.9968,4418.0656,4418.0656,4421.357,63.6538,1.4397,15666628900,3.5434388676e+11
2022/7/1,4466.7179,4500.9853,4449.2914,4489.5204,4485.0108,-18.2929,-0.4079,14477959900,3.184921302e+11
2022/7/4,4496.0303,4496.0338,4427.8232,4447.2159,4466.7179,29.3124,0.6562,14634565100,3.56968521261e+11
2022/7/5,4489.5383,4530.3245,4439.4511,4505.4572,4496.0303,-6.492,-0.1444,15496241500,3.61891850839e+11
2022/7/6,4423.9698,4484.3615,4393.4165,4475.4815,4489.5383,-65.5685,-1.4605,14980023500,3.44672707728e+11
2022/7/7,4443.4736,4457.3431,4391.1938,4425.2814,4423.9698,19.5038,0.4409,13266090600,3.28133133656e+11
2022/7/8,4428.781,4479.4937,4426.8856,4468.0627,4443.4736,-14.6926,-0.3307,12319573900,3.04031107302e+11
2022/7/11,4354.6167,4406.1476,4330.5819,4406.1476,4428.781,-74.1643,-1.6746,13444857800,2.9919523343e+11
2022/7/12,4313.6184,4370.3411,4296.6215,4352.6456,4354.6167,-40.9983,-0.9415,13018783800,2.9107231185e+11
2022/7/13,4321.4617,4341.4663,4284.9419,4313.3589,4313.6184,7.8433,0.1818,13111317900,2.86075545406e+11
2022/7/14,4322.0742,4352.0978,4292.7595,4308.8229,4321.4617,0.6125,0.0142,14525092600,3.01569861037e+11
2022/7/15,4248.5273,4344.8572,4248.5273,4299.4714,4322.0742,-73.5469,-1.7017,15021445300,3.1679319267e+11
2022/7/18,4292.5858,4300.7777,4217.5064,4262.1539,4248.5273,44.0585,1.037,12260119200,2.8105512864e+11
2022/7/19,4269.3401,4288.4441,4238.8238,4288.4441,4292.5858,-23.2457,-0.5415,10380573000,2.31117731807e+11
2022/7/20,4283.8027,4303.3668,4269.9717,4291.2808,4269.3401,14.4626,0.3388,9449014400,2.12301881408e+11
2022/7/21,4236.0578,4283.1471,4236.0499,4270.3624,4283.8027,-47.7449,-1.1145,11715634400,2.39228146812e+11
2022/7/22,4238.2341,4275.4696,4207.3135,4251.7867,4236.0578,2.1763,0.0514,10384062400,2.24295333457e+11
2022/7/25,4212.6441,4234.8448,4201.919,4233.9277,4238.2341,-25.59,-0.6038,8363666400,1.88136426673e+11
2022/7/26,4245.9758,4259.9854,4214.5343,4220.0911,4212.6441,33.3317,0.7912,8582327400,1.97601406374e+11
2022/7/27,4225.0357,4242.0951,4217.2809,4236.154,4245.9758,-20.9401,-0.4932,7890494000,1.94245303807e+11
2022/7/28,4225.6733,4267.9181,4223.029,4242.2743,4225.0357,0.6376,0.0151,10753193000,2.43871486472e+11
2022/7/29,4170.1019,4243.5143,4160.8735,4226.4245,4225.6733,-55.5714,-1.3151,11417928600,2.53198574648e+11
2022/8/1,4188.6784,4196.5743,4129.4528,4160.6478,4170.1019,18.5765,0.4455,10774902900,2.51125308598e+11
2022/8/2,4107.024,4144.3765,4071.431,4144.3765,4188.6784,-81.6544,-1.9494,14222442500,2.8101355528e+11
2022/8/3,4066.9754,4150.9804,4058.1792,4114.8251,4107.024,-40.0486,-0.9751,11666612400,2.68695834765e+11
2022/8/4,4101.5367,4108.1591,4064.6594,4089.4419,4066.9754,34.5613,0.8498,8953264400,2.16898674902e+11
2022/8/5,4156.9111,4159.485,4097.8625,4109.6287,4101.5367,55.3744,1.3501,10257100400,2.47325902015e+11
2022/8/8,4148.0746,4155.7301,4135.0809,4142.1111,4156.9111,-8.8365,-0.2126,9020813800,2.24080812055e+11
2022/8/9,4156.2907,4161.8086,4131.4252,4143.666,4148.0746,8.2161,0.1981,8413695900,2.1422369226e+11
2022/8/10,4109.7373,4160.7871,4092.5455,4149.2071,4156.2907,-46.5534,-1.1201,8556583900,2.1744736847e+11
2022/8/11,4193.5428,4193.8115,4116.0558,4130.741,4109.7373,83.8055,2.0392,12138505100,2.69630998407e+11
2022/8/12,4191.152,4202.4663,4175.0501,4185.4203,4193.5428,-2.3908,-0.057,10680829500,2.19208055255e+11
2022/8/15,4185.6794,4219.9183,4174.3,4180.0006,4191.152,-5.4726,-0.1306,10589849500,2.45539800985e+11
2022/8/16,4177.837,4208.8006,4170.5197,4190.5269,4185.6794,-7.8424,-0.1874,9390613900,2.33818584732e+11
2022/8/17,4216.9586,4222.7866,4155.1734,4182.5668,4177.837,39.1216,0.9364,11286465900,2.52044325052e+11
2022/8/18,4180.0996,4211.9141,4173.541,4205.7851,4216.9586,-36.859,-0.8741,10105265000,2.3311549139e+11
2022/8/19,4151.0738,4185.6579,4151.0738,4174.5458,4180.0996,-29.0258,-0.6944,11740297800,2.62494128152e+11
2022/8/22,4181.3965,4183.6498,4134.2008,4135.1623,4151.0738,30.3227,0.7305,11244272000,2.59747163698e+11
2022/8/23,4161.0823,4187.3875,4147.4127,4175.5314,4181.3965,-20.3142,-0.4858,10315351200,2.39101330833e+11
2022/8/24,4082.4195,4174.1565,4079.0934,4168.5764,4161.0823,-78.6628,-1.8904,11906967900,2.62844309316e+11
2022/8/25,4116.2396,4119.6196,4058.7454,4093.2949,4082.4195,33.8201,0.8284,11132074500,2.42149581478e+11
2022/8/26,4107.5455,4139.7879,4102.6818,4127.8142,4116.2396,-8.6941,-0.2112,9900049300,2.255191968e+11
2022/8/29,4089.5205,4092.9474,4059.5963,4063.8825,4107.5455,-18.025,-0.4388,9435443200,2.03086114712e+11
2022/8/30,4075.7937,4093.1356,4048.5244,4088.5262,4089.5205,-13.7268,-0.3357,9330166200,1.92649001278e+11
2022/8/31,4078.8402,4112.8485,4046.6225,4057.1443,4075.7937,3.0465,0.0747,13244976500,2.92974665546e+11
2022/9/1,4043.7395,4090.8852,4041.1281,4066.1869,4078.8402,-35.1007,-0.8606,9738707100,2.10898503454e+11
2022/9/2,4023.6131,4056.1805,4004.911,4054.8423,4043.7395,-20.1264,-0.4977,8678927800,1.84468327006e+11
2022/9/5,4015.4264,4016.9986,3982.7395,4010.4052,4023.6131,-8.1867,-0.2035,9376710900,2.01118696559e+11
2022/9/6,4052.2802,4054.004,4009.5826,4024.4726,4015.4264,36.8538,0.9178,11350626500,2.35921838118e+11
2022/9/7,4054.983,4067.5437,4028.374,4032.7231,4052.2802,2.7028,0.0667,10767805900,2.15147152182e+11
2022/9/8,4037.6839,4067.758,4036.0226,4059.1689,4054.983,-17.2991,-0.4266,10088604900,1.86889047981e+11
2022/9/9,4093.7874,4099.0081,4042.2498,4050.5853,4037.6839,56.1035,1.3895,11842711400,2.21442547204e+11
2022/9/13,4111.1145,4128.1113,4097.1408,4112.0123,4093.7874,17.3271,0.4233,11178973700,2.18521062136e+11
2022/9/14,4065.359,4089.0583,4047.9187,4058.0441,4111.1145,-45.7555,-1.113,9079368100,1.8548496511e+11
2022/9/15,4027.1186,4088.8078,3998.8564,4078.6495,4065.359,-38.2404,-0.9406,12395119600,2.54367492776e+11
2022/9/16,3932.6826,4019.4104,3932.6826,4013.5829,4027.1186,-94.436,-2.345,13719365500,2.4125184005e+11
2022/9/19,3928.0001,3953.6494,3910.3106,3928.4239,3932.6826,-4.6825,-0.1191,9771957500,1.83574440582e+11
2022/9/20,3932.8361,3957.5538,3921.6884,3945.6467,3928.0001,4.836,0.1231,8482413400,1.79248153538e+11
2022/9/21,3903.7348,3924.3914,3884.2268,3921.3177,3932.8361,-29.1013,-0.74,8645839100,1.68939074343e+11
2022/9/22,3869.344,3900.2736,3860.2308,3875.1771,3903.7348,-34.3908,-0.881,8094691900,1.61134102784e+11
2022/9/23,3856.0212,3888.3958,3829.6913,3865.1049,3869.344,-13.3228,-0.3443,9434246200,1.72904807364e+11
2022/9/26,3836.6773,3893.3186,3827.9498,3829.5958,3856.0212,-19.3439,-0.5017,10452603100,1.92906200254e+11
2022/9/27,3892.295,3893.0283,3827.9265,3844.0692,3836.6773,55.6177,1.4496,8886016000,1.85955247353e+11
2022/9/28,3828.7098,3879.4398,3828.0545,3879.4398,3892.295,-63.5852,-1.6336,8659221300,1.72438042788e+11
2022/9/29,3827.1434,3873.1823,3808.6496,3864.316,3828.7098,-1.5664,-0.0409,8565414200,1.71635940008e+11
2022/9/30,3804.8853,3848.6018,3801.2798,3833.3504,3827.1434,-22.2581,-0.5816,7855996600,1.58692748773e+11
2022/10/10,3720.9365,3807.4574,3715.7142,3806.5596,3804.8853,-83.9488,-2.2063,10264759500,1.94635904094e+11
2022/10/11,3727.6867,3739.8084,3706.0629,3732.0191,3720.9365,6.7502,0.1814,8394462500,1.66800394853e+11
2022/10/12,3784.3064,3784.3064,3661.5255,3722.8659,3727.6867,56.6197,1.5189,10808931900,2.10931362292e+11
2022/10/13,3752.6729,3783.596,3749.6393,3756.4176,3784.3064,-31.6335,-0.8359,9901891500,1.98368891548e+11
2022/10/14,3842.4698,3863.2265,3780.8415,3783.316,3752.6729,89.7969,2.3929,11624229300,2.56551271975e+11
2022/10/17,3846.4119,3849.6207,3809.1196,3822.2428,3842.4698,3.9421,0.1026,10419201900,2.20488874407e+11
2022/10/18,3838.2667,3870.2155,3831.1723,3865.8258,3846.4119,-8.1452,-0.2118,8834690700,1.86556295766e+11
2022/10/19,3776.5335,3840.487,3776.5335,3827.4658,3838.2667,-61.7332,-1.6084,8157484400,1.8673640823e+11
2022/10/20,3754.9269,3804.2468,3726.7925,3746.5793,3776.5335,-21.6066,-0.5721,9029089500,2.03781618922e+11
2022/10/21,3742.8929,3768.6895,3724.69,3753.8903,3754.9269,-12.034,-0.3205,9875003800,1.80686357677e+11
2022/10/24,3633.3733,3762.158,3619.9876,3727.915,3742.8929,-109.5196,-2.9261,13005686400,2.59450743134e+11
2022/10/25,3627.4542,3670.7327,3594.7011,3621.9356,3633.3733,-5.9191,-0.1629,11095388200,2.19302759597e+11
2022/10/26,3656.9027,3700.8797,3633.3107,3633.3107,3627.4542,29.4485,0.8118,12130154800,2.42453810572e+11
2022/10/27,3631.1448,3685.0837,3631.0639,3667.6645,3656.9027,-25.7579,-0.7044,11799867500,2.57473315676e+11
2022/10/28,3541.3295,3618.864,3533.4993,3605.1598,3631.1448,-89.8153,-2.4735,11877216200,2.45816451978e+11
2022/10/31,3508.7034,3553.3871,3495.9509,3504.507,3541.3295,-32.6261,-0.9213,13846565500,2.56574822102e+11
2022/11/1,3634.1732,3634.1732,3517.6209,3519.8174,3508.7034,125.4698,3.576,14928669800,2.95089928407e+11
2022/11/2,3677.8051,3703.465,3610.8029,3620.3693,3634.1732,43.6319,1.2006,14159291900,2.91648245712e+11
2022/11/3,3647.8966,3670.1574,3628.4987,3645.0604,3677.8051,-29.9085,-0.8132,11056603500,2.15379297964e+11
2022/11/4,3767.1746,3782.8823,3646.7709,3646.7709,3647.8966,119.278,3.2698,14973494900,3.11145477555e+11
