high,low,high_truth,low_truth
4165.66,4143.59,4144.99233724925,4074.635853520296
4180.98,4148.48,4201.896415924579,4139.2842444944445
4203.99,4148.6,4235.91312073872,4179.858116533923
4223.51,4188.08,4209.510352058325,4150.341952789455
4193.87,4150.88,4192.656419558867,4134.235586362208
4175.29,4142.18,4165.925227054671,4109.698172309537
4177.03,4141.64,4180.757698189037,4128.734477727728
4185.96,4149.49,4225.066321749473,4177.851789147472
4165.02,4113.33,4138.858429923533,4078.9913223686826
4141.18,4046.49,4161.376057702828,4100.27616773507
4103.52,3972.39,4029.920880785461,3940.0638357629555
3732.16,3639.91,3770.6691135126325,3662.0119527096376
3786.86,3652.0,3763.7480269622492,3667.9633652535513
3866.01,3781.61,3807.304069713169,3717.611942374201
3914.91,3806.96,3885.500763791423,3804.8008714306698
3899.88,3849.71,3897.51431273153,3819.688613916314
3920.17,3861.01,3921.173622930708,3845.9778399334123
3970.52,3915.71,3938.8033432898433,3865.5121548833176
3984.43,3940.67,3966.83289028252,3901.0253863172666
3999.55,3950.14,3957.2734134569237,3887.6964546754216
4001.56,3954.02,3984.400986294673,3922.2932511733725
4077.45,3999.65,4060.92719708151,4007.150756168255
4076.39,4027.79,4033.38555302246,3974.059394042163
4085.17,4042.85,4034.1347066304756,3972.641425317601
4148.53,4055.81,4156.349103821786,4097.091457012512
4184.44,4130.17,4158.967420488211,4091.7616272609803
4149.01,4097.18,4158.100240588518,4084.796862717673
4126.71,4020.91,4148.9180823281295,4071.2008564839357
4132.78,4061.12,4102.1101475933765,4014.4720473500674
4110.53,4067.44,4109.185980451514,4024.788059771481
4031.15,3928.07,3986.0955252766234,3881.446345344055
4092.54,3968.84,4094.8388663296614,4004.264710194452
4147.65,4067.91,4101.85803612299,4010.3818589264483
4115.26,4060.73,4121.209517235994,4039.907506125715
4215.85,4127.04,4246.129967452144,4168.991679269814
4181.31,4135.39,4158.943005757521,4076.7530988814506
4063.08,3995.13,4049.8025662906143,3947.332070859814
4093.0,3954.75,4112.337569671431,4022.106164385434
4091.27,4028.4,4045.563542354567,3948.8958156632043
3987.43,3926.27,3984.453079757482,3888.2252854352305
3937.18,3765.15,3923.5849366264965,3829.192253094924
3899.86,3720.51,3752.413586159489,3617.7708671460314
3786.89,3618.31,3720.2092834189043,3587.671470931458
3775.85,3636.26,3661.6326977712724,3523.5379418445095
3647.99,3503.19,3600.6918326884456,3466.468545324712
3663.95,3588.78,3647.4159152264847,3535.503498704281
3585.8,3523.79,3588.800847002003,3478.304553706518
3627.76,3545.45,3633.5247494642676,3536.0975602545277
3732.65,3685.99,3710.8917670192495,3625.8813035141307
3736.25,3681.27,3718.0271352634554,3637.5661693350867
3758.78,3709.92,3737.230561271634,3657.030319534963
3690.64,3637.59,3710.5461092679043,3634.822663531548
3716.07,3676.2,3700.0334461049574,3628.0638437431207
3731.78,3670.97,3693.062452972723,3625.0160343798666
3734.53,3652.32,3741.9560846206946,3686.456967155421
3738.83,3698.98,3720.184117967886,3663.6373399692175
3803.63,3772.21,3812.6595126980383,3760.003145516832
3793.0,3767.29,3786.8483116366597,3734.37058466713
3801.72,3785.31,3791.5075104766797,3740.9080811253284
3824.74,3758.96,3781.2179744514283,3724.894755078942
3769.88,3740.19,3769.908764379715,3713.5902526882815
3825.76,3764.98,3835.3534291945207,3783.3480151285967
3829.8,3793.44,3815.568945651927,3756.8472696230538
3807.36,3774.56,3816.98885155363,3758.6558541614772
3863.45,3821.42,3862.78638200598,3802.9047571675524
3853.8,3831.55,3866.635357771246,3808.6465405062418
3838.23,3780.0,3827.5315761697393,3762.7106077843964
3839.38,3782.21,3846.500516315249,3787.5496982234945
3857.47,3826.56,3844.0091040243897,3784.867162063475
3827.21,3787.07,3819.15921666392,3758.724096589588
3842.87,3793.77,3836.873735780184,3781.224746492097
3859.68,3768.2,3864.601493200723,3807.2590085453908
3880.74,3833.72,3896.748969676426,3841.859970074165
3921.7,3880.41,3951.7936120176046,3900.4447169430523
3937.69,3865.99,3968.4271591405673,3920.3488225527008
3941.48,3915.9,3951.547114629676,3901.1392518522453
3979.66,3935.98,3990.8607062430474,3944.407386215447
3998.1,3944.5,3982.578759576815,3931.992326413708
3970.11,3930.21,3980.2707188862446,3930.316061700682
3972.53,3932.57,3980.924367812443,3934.0785583145753
3952.2,3924.05,3936.1173965138073,3885.820909256833
3945.2,3907.4,3924.4001536234377,3873.50632281404
3946.43,3898.4,3934.5401657432203,3888.049905598856
3966.85,3944.07,3969.090665351082,3925.3032869109256
3955.71,3923.92,3948.7925585435996,3903.590148221073
3951.74,3907.58,3928.167202952832,3880.1847254688723
3907.58,3818.15,3840.1620213799524,3773.598639131391
3835.63,3800.18,3837.531366788126,3775.5235882232873
3874.75,3844.48,3875.125613008686,3824.960966242479
3873.7,3838.42,3871.0110780871455,3821.3709019046846
3885.42,3818.43,3876.900381145764,3829.4223550285815
3872.3,3830.42,3879.195235270561,3835.993363965561
3976.32,3901.73,3985.054504660815,3945.5813482111407
3991.78,3958.98,3996.6896905552558,3952.8094708572976
4018.68,3982.93,3992.067603411485,3942.6915857482945
3999.81,3968.57,4006.1812761511264,3958.325317293153
4001.25,3967.93,4012.2470964070326,3969.836949870544
4050.22,4016.1,4037.2296327855825,3994.421653042413
4052.16,4016.34,4051.926452020553,4010.2831156572292
4046.23,4024.42,4054.528252839746,4010.488291483342
4043.01,3979.75,4007.2168785245626,3953.9562640365416
4011.06,3927.25,4019.8186658022278,3970.807081665468
4007.14,3954.99,3966.08027683299,3909.535697683135
4014.57,3987.86,4030.358191696937,3980.8951707847323
4018.61,3992.13,4041.6860392168105,3993.93094833399
4047.56,4000.9,4073.7177742018366,4028.181214267413
4109.36,4043.49,4134.915450917108,4088.7665856343924
4126.94,4088.78,4125.637983814989,4075.843327994771
4124.73,4080.75,4139.786516089893,4091.7775184555076
4144.68,4123.36,4163.064199241977,4116.554261587045
4137.37,4092.54,4127.536327046174,4076.137891790099
4174.42,4129.78,4178.772924200008,4131.372480096634
4247.78,4163.5,4253.013289505992,4206.432551046345
4340.1,4238.12,4327.753960951035,4274.654154002802
4419.6,4348.45,4413.6972075411,4349.912736729309
4678.11,4465.81,4653.122809973085,4581.402586811891
4796.32,4688.06,4706.525790155465,4600.594536228093
4803.36,4670.65,4818.1001954880785,4712.45201373078
4854.12,4757.29,4904.924853024068,4796.217703953291
4821.37,4734.47,4804.2826329580885,4681.686148507025
4878.08,4741.87,4925.5744927854685,4813.660596733149
4860.44,4729.93,4863.2269736467415,4736.289702605078
4837.48,4723.36,4838.86263913887,4702.03315708672
4772.56,4513.65,4687.979603475057,4500.777586140001
4601.37,4485.82,4717.058853327344,4559.197846330053
4681.94,4534.23,4783.239354624335,4650.076127651412
4714.29,4661.44,4744.639665403543,4617.274523515852
4790.45,4675.35,4800.34441939375,4680.2950282119255
4731.4,4607.66,4782.027887853897,4659.938408022637
4691.7,4479.39,4612.065327676155,4438.649166968956
4558.12,4482.44,4620.5568232341375,4471.67363229228
4590.25,4537.69,4638.746842078599,4509.304237242178
4680.56,4548.85,4711.787882699461,4608.405955421752
4704.63,4649.77,4691.99315019238,4583.095383493417
4741.81,4621.96,4758.526555323889,4656.772215667896
4771.37,4720.02,4818.4760778926575,4721.043126694627
4807.08,4747.77,4794.5766677483525,4694.490350342488
4786.7,4711.27,4831.647759819851,4730.656017835612
4791.86,4691.16,4819.790034307971,4710.171499161338
4749.02,4637.84,4758.0295131862595,4639.031491145449
4757.66,4646.29,4772.241497648946,4659.948147787025
4791.53,4674.86,4732.967465732896,4610.1921769485225
4681.62,4566.27,4702.244464760896,4576.459528230383
4671.77,4626.1,4673.652595602008,4554.382942543119
4708.07,4617.63,4757.250461325153,4656.73620417062
4838.09,4721.36,4885.572719110778,4791.979496741939
4825.39,4788.83,4860.22343953165,4763.93358887822
4809.05,4738.01,4819.0254746132105,4705.7547723211455
4721.44,4662.8,4765.908682076137,4647.366422674942
4739.48,4684.81,4773.198894548141,4659.768474765033
4769.47,4716.61,4798.286662332766,4693.107944573419
4802.41,4746.31,4791.895616974461,4688.155787001497
4786.42,4689.88,4755.6897464017975,4639.080830741359
4731.94,4679.36,4773.642276502274,4664.922091674025
4850.49,4719.35,4896.386486405563,4803.639148107062
4901.21,4816.21,4856.613453951026,4747.385472874077
4842.13,4791.78,4922.332947686165,4818.365671861133
4863.55,4797.52,4917.165380623557,4810.232199668709
4877.01,4800.06,4878.754220125313,4769.156665685871
4778.2,4726.56,4837.818419801661,4730.412011106743
4789.3,4655.56,4737.489543872878,4604.751749609273
4707.9,4639.05,4742.296112377424,4617.539932095414
4645.2,4558.03,4634.399714415218,4495.587060650171
4647.75,4572.21,4627.375844459832,4493.73637726173
4630.88,4563.11,4644.276843859898,4528.944472129799
4666.99,4625.99,4662.047634360801,4556.447003664525
4691.5,4630.54,4706.659222533888,4613.781664589741
4690.68,4638.46,4671.051578143158,4576.9981628319765
4664.95,4601.64,4661.702955809884,4569.181489291739
4737.8,4631.7,4748.069608665337,4671.626766061745
4752.98,4688.72,4691.491799572865,4605.764685105585
4706.21,4622.11,4684.2629503277285,4593.5160343046
4665.96,4623.55,4700.673435593024,4614.078471093974
4631.95,4562.21,4618.764886449542,4516.601755709597
4599.54,4554.72,4607.948769073729,4510.982296122328
4613.63,4571.15,4630.356791685033,4541.057022538946
4616.68,4586.35,4647.145639995994,4566.351062498781
4634.72,4563.41,4657.497746928642,4576.400448870085
4695.4,4655.08,4758.006665176255,4686.405448817207
4823.27,4704.16,4889.096012813445,4827.588587962229
4845.92,4795.37,4894.257965793595,4823.159430106962
4830.46,4795.91,4872.326617951001,4791.263495904655
4833.89,4796.26,4871.859082386291,4787.98990983206
4825.55,4765.97,4857.969842384918,4767.770415272966
4849.6,4747.34,4821.286774803316,4716.688170465419
4793.47,4739.46,4854.259195000219,4758.062176964819
4801.63,4758.85,4862.23354217177,4764.044442775526
4791.81,4725.5,4849.461896259732,4752.11015568563
4802.46,4717.1,4789.593582046519,4681.803281989265
4713.39,4639.3,4763.489012536689,4655.272291952204
4708.46,4671.85,4760.181534608518,4658.7652790331085
4753.31,4685.6,4795.326996396882,4704.103241483472
4803.03,4679.25,4804.287724800318,4719.8788403859235
4778.51,4683.47,4702.779238755045,4596.622378370275
4738.02,4695.44,4748.359843672416,4650.37139629811
4793.4,4734.17,4795.033497388375,4706.004161551386
4825.46,4770.56,4841.440025227373,4758.300801192315
4885.11,4838.0,4935.8955264245105,4856.578612197574
4897.63,4845.43,4919.639624266899,4836.823935078399
4997.8,4918.86,5031.940335197523,4952.510421533364
4995.41,4928.93,4977.907402739321,4886.427658020948
4957.58,4901.71,4945.983118681342,4847.49807607325
4926.34,4891.51,4953.2352076166535,4856.099697730251
4886.98,4825.76,4911.23547338716,4805.699364584631
4904.17,4848.62,4955.648740833413,4858.2210440448325
4909.29,4865.39,4925.150433719795,4825.8709292505555
4911.09,4870.72,4943.994166770483,4844.047892693732
4939.79,4870.2,4982.025005822205,4887.697800189969
4947.43,4922.59,5004.603931548339,4911.098224905181
5029.65,4940.45,5065.939479683976,4974.477691180857
5001.06,4960.98,5000.41282315327,4905.52131270971
5004.77,4910.7,4958.339061371365,4848.012745728258
4925.29,4867.82,4959.412265041265,4854.301814117175
4980.77,4917.35,5025.227067618134,4931.0911417874695
5055.19,4960.25,4995.1867651850525,4888.167743821671
5072.55,4963.13,5120.477157323181,5023.898537231549
5090.61,5043.31,5114.393842019615,5010.883264449423
5072.3,5033.79,5109.755565428755,5006.388235029745
5072.39,5017.85,5118.721124554306,5016.827211976553
5067.87,5014.61,5072.181556017056,4966.406502218596
5043.06,4998.92,5048.91640663046,4947.530838835402
5033.64,4942.52,4985.674289980036,4871.231446944765
4962.74,4919.77,4980.039448472832,4875.437871767062
4957.82,4849.35,4915.597093216886,4799.597914814971
4937.26,4887.66,4966.632236202513,4864.603409124199
4954.19,4904.79,4973.594481810917,4878.396965973772
4968.86,4938.19,4995.4555883427565,4905.700857576909
5021.62,4950.37,5065.622479865178,4987.5161599808
5027.44,4979.0,5037.699339319091,4957.463604343644
5048.51,4970.0,5096.137368106057,5017.966508100315
5055.13,4960.95,4978.7633544740975,4879.0741359083
5028.45,4968.15,5051.644197904818,4957.060173050325
5033.04,4979.24,5025.101991083369,4934.0322943229385
5042.1,4973.68,5079.176702759866,4997.980639731728
5089.34,5037.86,5132.960526628997,5051.520380880023
5077.42,5034.31,5104.208982520196,5013.967694045226
5113.71,5036.63,5206.996565445517,5122.995001064545
5215.62,5122.48,5293.146096925905,5210.117706130918
5284.43,5190.94,5331.798793529904,5240.983660249236
5368.5,5234.38,5404.863857201286,5312.19581941447
5433.47,5341.43,5435.765333771431,5330.928462046919
5513.66,5413.35,5519.135241634765,5412.398515434228
5547.47,5442.69,5471.545056317505,5354.217776555235
5555.69,5412.5,5439.572987278603,5305.474484903456
5596.35,5417.63,5559.4464426449385,5439.989986396389
5644.72,5535.14,5520.502205433288,5386.041687762992
5568.02,5458.68,5432.689077704499,5288.272651292191
5500.63,5390.27,5439.575337359633,5298.835553925352
5541.46,5410.77,5477.113181635497,5347.433774349674
5532.48,5415.72,5406.241135244324,5261.485223511187
5496.05,5426.54,5455.980208542471,5324.835726803289
5593.11,5490.56,5538.427840161989,5419.042059984937
5573.66,5513.88,5517.476345548422,5396.339950745358
5655.48,5543.27,5608.950638400244,5489.600501543051
5600.9,5506.0,5464.243615680585,5333.444396973993
5534.99,5449.64,5494.535637903882,5368.701318818794
5462.24,5360.38,5338.042958823899,5194.948151252006
5430.2,5288.1,5323.531861270247,5176.399410749771
5422.3,5342.05,5364.501607208762,5237.930244113719
5503.21,5411.52,5467.776048587253,5355.835346372347
5532.89,5473.12,5456.911885110403,5343.981540493443
5510.05,5411.57,5459.505068965823,5348.727753310486
5550.77,5477.65,5454.320529095783,5346.8041498439325
5576.49,5479.85,5533.056077169974,5434.000800226775
5686.25,5555.05,5661.36397334931,5571.304565585251
5823.42,5707.33,5743.240535278786,5655.029887047472
5930.91,5747.66,5691.839563012982,5570.672249828824
5787.89,5667.32,5698.138302410871,5574.167031076853
5785.51,5597.33,5525.874229545418,5361.647935235038
5644.75,5541.11,5521.211407663811,5372.453691203917
5598.83,5379.73,5400.074914304458,5226.637628080255
5527.63,5444.16,5428.694984435693,5272.595090807588
5416.32,5318.86,5313.43813269073,5157.629859536485
5421.56,5345.94,5413.7796729450565,5272.609572299376
5454.97,5305.05,5321.302939974318,5165.23969123828
5452.4,5316.48,5429.35614056518,5294.7786857483225
5392.37,5254.78,5260.026404984519,5100.649931082649
5307.82,5174.25,5266.132176617918,5115.90996324653
5326.26,5079.8,5086.056173292027,4894.446559827023
5094.31,4917.91,5018.506619235601,4817.855103159551
5055.28,4981.62,5008.3174512542955,4825.680363071024
5138.41,5020.58,5088.151531649475,4939.520523400564
5153.67,5086.82,5042.688953023783,4901.609900224523
5120.88,4992.4,4958.302243435244,4801.720798987087
5084.31,5009.95,5024.96842814489,4881.2671207530475
5123.55,5020.13,5026.161747067382,4893.287527864897
5160.46,5111.13,5072.805241410135,4952.047013796186
5089.92,4980.76,4952.610869423288,4816.209851906811
5071.34,4996.54,5020.737107252215,4898.636837145204
5064.02,4966.53,4943.318779594767,4816.146030819114
5024.33,4919.89,4877.022602087128,4740.955562365923
4950.76,4883.66,4881.551469350083,4756.180480116091
5050.83,4953.95,4969.682641378126,4865.752445012348
5086.65,5010.39,4972.240051777883,4867.873406862545
5106.04,5032.79,5052.086013138265,4955.987901884126
5085.95,5015.61,4994.314362883073,4888.8236400603
5115.43,5056.87,5075.463052493852,4980.301301355882
5169.83,5116.35,5126.09698442381,5038.241878149844
5181.15,5125.33,5090.437899370557,5000.728022217802
5141.66,5065.19,5075.149316676483,4974.478588264419
5129.13,5062.07,5097.520782471782,4997.365624872568
5100.04,5022.09,5025.18763848087,4913.412187876007
5045.6,4933.01,4941.2508388493225,4811.721742846041
4994.54,4924.2,4935.986526784355,4812.880262188988
4987.12,4940.27,4975.2405830116595,4864.971213384626
4969.91,4900.3,4951.121962531373,4842.215022821737
4979.17,4917.96,4957.858208680824,4857.103534236148
5088.21,4940.75,5068.76140475955,4985.03367345511
5119.86,5058.92,5067.680236926163,4977.92749009599
5110.56,5047.99,5091.950959873047,4999.880021942107
5119.22,5067.14,5080.895787032563,4983.983188603988
5149.98,5086.49,5117.406907018879,5028.659744159557
5181.11,5072.96,5050.657555552819,4944.246231450475
5095.98,5042.61,5085.649217593843,4981.17070348227
5119.45,5059.26,5128.7489203049545,5029.1854351268985
5170.58,5113.65,5186.93405426119,5092.49390364638
5163.25,5094.93,5131.6947468747785,5025.838928976192
5132.9,5037.41,5090.099487702384,4975.826392238952
5093.75,4996.04,5009.164394345127,4880.552657773299
5019.39,4953.7,4993.074956260401,4869.212624465843
5033.49,4925.92,5010.727589909569,4896.27891707984
5051.17,4995.4,5049.994310462418,4944.0183722257225
5022.08,4975.45,4988.719081073191,4875.324326619069
5112.98,4981.29,5089.796849489874,4990.568038258782
5206.69,5115.31,5162.651450349104,5066.995841253583
5201.67,5156.79,5168.980218560142,5070.40873158788
5193.56,5151.64,5162.838412350966,5062.031508976176
5201.59,5152.04,5186.3575010487475,5089.208014713507
5216.16,5123.12,5121.552841634168,5016.180286573544
5155.59,5092.39,5153.38116405013,5054.32107576064
5324.36,5161.52,5312.017508708712,5228.552004401599
5344.28,5308.74,5315.577750907556,5219.393678316968
5378.48,5286.05,5364.724603786401,5262.441770897886
5360.28,5288.65,5337.956397505999,5224.911767461729
5331.63,5281.69,5337.0582748727575,5222.928956480082
5343.75,5269.26,5344.724761429512,5229.716418865097
5352.64,5266.79,5289.561570556428,5169.698965470272
5314.37,5255.07,5260.108005020247,5138.6238627272105
5334.49,5221.23,5301.321898265662,5190.003042193785
5286.84,5242.95,5268.94404856909,5161.335839885972
5319.04,5201.14,5237.6439721444185,5121.96373943261
5253.36,5215.35,5245.184729366123,5135.825090168511
5299.53,5229.52,5278.359517651633,5178.745540574035
5276.1,5213.6,5198.238205130689,5089.487648475267
5225.5,5137.41,5135.358392638898,5023.78089113013
5164.52,5076.02,5035.651374262395,4917.306812083106
5123.37,5073.82,5070.251356131922,4963.224290514532
5128.03,5064.92,5073.158014684596,4972.0961906332905
5123.78,5058.57,5066.744512996458,4972.0109676949
5125.82,5086.28,5108.288070386216,5016.318181132506
5171.03,5109.76,5112.159176081171,5026.512382421677
5160.43,5120.58,5102.495120649784,5019.348913869382
5251.61,5157.48,5197.756569079806,5127.910762674809
5260.64,5226.22,5180.935994674953,5110.040089190665
5248.52,5182.68,5128.264281372756,5050.574214031685
5231.43,5186.63,5177.874753014595,5106.909395714019
5252.26,5190.88,5177.910526470258,5106.818790274256
5186.66,5074.36,5036.657339502854,4939.3168854319865
5098.23,5048.0,5053.842568147369,4962.588258269063
5092.21,5028.51,5032.277310705068,4939.714037140371
5152.77,5045.41,5104.486422641672,5025.7890767611025
5151.22,5078.93,5032.383194911429,4941.449765678079
5081.41,5006.41,5051.780110924327,4960.469603205168
5159.41,5070.32,5098.886962909961,5013.45840689159
5154.05,5114.94,5126.015514948139,5041.728457491019
5130.75,5075.13,5089.394724513804,4993.280690795526
5153.81,5067.68,5149.95657375068,5059.181858964032
5140.9,5090.63,5050.490960919876,4952.115448456488
5120.82,5047.62,5096.12248425954,4998.569767322384
5114.0,5067.86,5097.507857026122,5005.255859264891
5160.54,5122.3,5149.859959308378,5064.056354730443
5171.21,5137.88,5156.112219325916,5072.227760742061
5145.43,5080.0,5092.515240440116,4991.332866072798
5067.31,4859.6,4932.853477092556,4786.143199242251
4940.86,4749.03,4766.309501451635,4579.879210768791
4785.66,4663.9,4744.64123212423,4575.145813431206
4857.97,4800.01,4788.843775638218,4635.6234706933465
4825.7,4761.04,4725.482849335773,4576.211292393293
4938.82,4761.46,4854.475533014942,4726.72320349973
4957.03,4890.85,4834.629751525509,4707.3419694519425
4979.29,4919.66,4906.40514295221,4787.522401141455
4997.14,4921.94,4877.877248221333,4760.715750141265
4944.35,4891.8,4849.885955325405,4733.775177380745
5002.89,4884.04,4916.796417902007,4815.65699212302
5043.76,4941.24,4974.144923011927,4877.531664800809
5059.79,5009.98,4966.804836598086,4861.755937743563
5016.26,4962.98,4942.2459676050385,4833.232140650877
4993.74,4921.28,4914.457565037946,4803.201243174004
4973.38,4931.37,4917.670125804559,4805.5517302612825
4967.56,4823.39,4840.993901512039,4703.6081795120335
4909.54,4818.9,4879.548939193279,4756.936849713666
4893.47,4839.57,4832.864840672747,4706.491918699534
4835.15,4720.83,4765.564134085277,4629.405784525006
4843.82,4764.01,4815.444212245162,4693.798442606583
4906.2,4842.75,4874.424456949535,4762.539905487229
4899.77,4865.76,4850.001892656168,4736.426956390067
4892.2,4798.7,4760.012067654317,4625.4980885288605
4863.47,4793.59,4784.678779254584,4658.581761367279
4849.16,4787.2,4748.500848534154,4620.344727929458
4821.76,4740.75,4731.422809696572,4604.982556394301
4906.4,4763.3,4782.989593234977,4665.093562789165
4892.71,4845.62,4789.898178659886,4676.067201538935
4886.55,4828.7,4779.1563499566,4660.691573750348
4944.45,4837.79,4911.603652748367,4809.554004495823
5005.96,4915.61,4988.781880460687,4894.070169195359
5013.98,4955.89,4957.910302143633,4855.846335701379
4970.15,4929.95,4994.430822454065,4892.511678738547
5042.8,4962.37,5029.482019881156,4930.458313411864
5029.72,4964.96,4988.234703261107,4883.06654222366
5000.98,4907.32,4919.696417891766,4800.114634946693
4903.85,4843.12,4871.4082585089,4749.801831525767
4879.53,4806.14,4804.201424602532,4673.107851022635
4857.96,4786.09,4861.608420618061,4744.31244905499
4830.85,4765.23,4824.92391687583,4713.373190394177
4877.34,4837.56,4853.130372745966,4747.036763678041
4897.06,4838.54,4845.494698362703,4745.042162455294
4922.56,4852.2,4888.124515428077,4791.62450796097
4901.31,4846.63,4903.835851587251,4809.106744262761
4868.07,4799.88,4847.168869975735,4740.128451321743
4876.07,4843.95,4878.874204817848,4777.11879491795
4937.09,4891.63,4933.509541379813,4841.6273049338215
4983.73,4930.71,4933.638143036121,4842.773393261696
4925.49,4840.77,4891.738809490587,4788.353741293856
4953.38,4869.83,4954.357762988162,4860.6854607444875
4953.92,4903.25,4925.184509894715,4830.922534943067
4939.82,4881.01,4963.079958167156,4875.14055264365
4922.51,4844.94,4900.76690688352,4802.706181202565
4928.14,4868.81,4973.033856925449,4882.210468195906
4944.02,4898.37,4959.3686579821715,4864.387852759726
4946.18,4893.85,4988.183784838812,4897.499975962539
4989.89,4934.87,5035.218828793006,4945.398983827667
4981.65,4930.11,5065.881902698766,4974.995180241346
5002.57,4953.48,5042.931272489882,4949.204027833359
4949.23,4884.94,4941.041812197801,4834.119228138918
4898.66,4846.28,4898.005300554357,4785.484611752936
4908.77,4855.76,4933.838291603755,4833.704775533266
4908.21,4858.25,4914.623898550774,4814.213712826529
4911.23,4797.9,4876.396958293191,4764.281529145487
4858.71,4804.37,4841.32408789661,4733.626645973834
4873.94,4834.74,4907.479391102567,4810.2924324221585
4889.68,4841.74,4886.760554510869,4790.390761753607
4866.08,4827.69,4884.530197054312,4789.5542954094235
4870.79,4818.54,4860.579085127369,4768.152060251206
4832.8,4754.0,4822.374209519447,4724.00170828216
4898.65,4809.11,4898.881750218108,4814.549734697902
4909.08,4875.35,4882.216803401398,4798.690066250209
4906.33,4863.4,4900.264511783548,4818.286215888496
4915.37,4876.5,4915.320305895695,4836.289273275437
4891.52,4864.52,4923.149209163564,4843.050079463181
4871.42,4830.41,4866.50651172268,4778.164922506056
4892.81,4829.57,4930.768302419567,4852.940297579622
4919.0,4893.27,4957.610797372496,4883.811249734928
4927.52,4896.88,4970.350586630585,4897.278140013132
4935.49,4899.61,4981.413723634556,4904.512350012031
4921.33,4891.73,4956.891542017571,4877.699163117317
4886.95,4850.81,4904.417104961752,4816.512553531595
4858.53,4818.71,4899.092604710431,4808.77636120235
4871.25,4810.22,4863.856925922564,4770.8722739208315
4844.52,4823.93,4881.990281702216,4792.838262020378
4866.85,4830.32,4894.271935719711,4812.366617772336
4901.02,4853.35,4953.906808550712,4876.8132290224285
4943.9,4888.69,4964.448227566249,4880.385928385558
4934.1,4895.22,4984.942239739509,4903.1172569183
4995.93,4915.79,5058.683343386892,4982.1721050470705
5114.5,4999.41,5126.455241220672,5049.382246287353
5060.06,5035.81,5068.243211892661,4984.82490929475
5143.84,5079.73,5109.962633679419,5021.917904881409
5075.21,5038.86,5045.460743037405,4955.254600149574
5060.37,5003.78,5018.513930598801,4922.8892349347425
5034.73,4987.22,5053.474258226106,4960.8239512121645
5022.11,4954.76,4980.833253620398,4873.288459552469
4971.67,4872.68,4916.893815704652,4797.927288912906
4917.8,4872.95,4943.2444909222395,4837.120869737426
4936.67,4903.17,4940.778603122555,4840.99319501027
4948.74,4906.75,4980.413894716783,4892.778112556465
4964.91,4905.98,4937.994932143732,4847.533574951346
4939.69,4894.16,4951.64629172095,4866.377712255075
4959.15,4913.6,4970.381921044304,4889.643702590778
4958.65,4883.48,4875.889732471103,4783.751958930297
4940.18,4878.65,4935.810792947411,4853.783299818329
4950.36,4923.14,4945.990038364371,4867.009643547118
4961.45,4874.53,4935.793820139979,4848.1865236297
4916.28,4851.98,4853.351410922747,4757.6939882400075
4857.56,4786.43,4793.783254280958,4692.350293427899
4856.65,4818.19,4794.0480300768895,4695.693211244357
4844.39,4780.82,4827.706935054369,4733.32394434905
4850.88,4791.89,4786.0128419187,4686.905636980429
4852.73,4810.92,4849.085752735038,4757.725129855089
4853.06,4765.24,4771.920450468377,4667.057919480393
4764.05,4723.94,4727.766997535882,4620.909634263939
4775.24,4726.71,4786.127473648891,4689.941367754294
4826.3,4747.92,4816.702550076123,4730.864653841178
4828.75,4755.93,4770.169770661845,4680.952974927268
4845.0,4777.57,4838.737562604106,4757.827525535954
4818.31,4762.56,4782.7609825748805,4696.505712641956
4801.1,4746.45,4808.085064062975,4725.332980288193
4781.39,4678.25,4696.953910124438,4592.8355323454125
4718.99,4648.13,4724.354157641577,4626.740805571843
4708.44,4616.03,4630.200511296606,4519.508690914915
4660.52,4559.83,4594.054828910297,4476.201853803752
4672.65,4615.01,4643.6775731975085,4540.462512446918
4626.44,4522.47,4603.760794120033,4497.769536801764
4659.46,4595.28,4652.820563440748,4557.794935793852
4657.21,4608.09,4630.803045960425,4534.2381622292605
4662.6,4595.88,4600.9188933557125,4500.955721304459
4593.63,4530.06,4559.236942305361,4455.036576860703
4601.45,4550.54,4594.909997284731,4504.667468619701
4643.1,4607.22,4615.3217566219755,4532.595602227208
4650.16,4606.95,4636.376915920931,4561.264598702145
4651.34,4598.1,4664.253838206782,4594.855123753103
4646.67,4613.3,4650.322296746886,4576.453376800243
4602.07,4550.8,4584.940692439692,4500.631745983776
4625.3,4579.29,4637.155445541809,4561.042890907533
4610.88,4488.48,4529.321063606757,4431.428925842665
4611.86,4561.9,4577.679203180264,4486.763346734173
4581.65,4530.68,4587.134231960128,4500.105029778078
4623.43,4583.92,4638.182300391415,4558.182604047439
4594.02,4558.44,4589.864895555744,4506.755879152077
4599.4,4544.43,4549.713761175655,4458.143561700352
4539.39,4481.49,4506.967615099347,4408.961339877156
4462.52,4338.3,4372.803055875684,4244.821704225325
4383.65,4252.54,4282.485786250461,4138.930665416216
4304.48,4068.19,4224.722687679014,4067.8410863119907
4335.67,4288.51,4279.233600506499,4139.4766048411
4316.04,4176.45,4294.3292154360815,4167.312338841719
4280.36,4174.76,4192.963627373377,4049.2687653275534
4163.42,3983.81,4055.0264047378605,3879.8398609166743
4168.59,3942.86,4155.376692516018,4002.1559230497396
4302.74,4217.8,4227.188510198668,4087.6948270873713
4283.37,4194.94,4253.137191000243,4132.036898629101
4287.82,4223.02,4258.805064201908,4139.344477247894
4283.33,4236.69,4250.452615104807,4136.764657155725
4287.58,4241.96,4244.546273958727,4139.855814878244
4273.96,4216.85,4228.910205672509,4128.034304007574
4254.84,4173.93,4161.235836201432,4051.7456771196794
4174.12,4091.3,4133.592224737736,4030.535481921132
4177.21,4124.72,4150.371150484352,4049.313939892641
4254.1,4160.73,4248.477959520208,4166.526237331802
4247.36,4214.54,4217.277239299039,4132.220224062739
4290.67,4190.08,4270.62492729721,4193.6633354698015
4277.52,4236.73,4262.867440380611,4181.1431887365125
4278.11,4205.74,4222.377306812094,4129.71197842334
4237.81,4175.53,4220.06893972138,4130.614957105908
4203.79,4089.09,4102.493406641185,3989.7432341117
4179.97,4075.8,4169.672365975348,4073.497967099275
4194.04,4139.74,4160.748847188204,4064.1522146275793
4217.06,4155.55,4188.476996288915,4099.236896428473
4211.32,4152.97,4188.7855749840255,4103.4788201288675
4171.74,4119.99,4150.121323814967,4065.773180546747
4186.94,4115.42,4117.721148348619,4030.288527631988
4136.17,4060.5,4055.9336665751034,3962.1984755721614
4086.44,3978.37,4001.0697193530423,3898.9573523972285
4037.08,3953.72,4012.3319604441904,3923.0000889428447
3958.21,3814.91,3855.1420906589437,3738.731628249081
3871.85,3773.9,3820.1517342184916,3702.428963280557
3895.73,3757.09,3885.9342884612415,3791.7492667642823
3943.43,3873.58,3897.730846586339,3812.2589678556897
4017.43,3898.57,3985.0580950623867,3907.3550797760636
4039.7,3988.93,3987.757815924454,3909.711013442112
3947.24,3902.05,3921.518432041682,3834.1786920743953
3914.11,3854.94,3906.4975627448266,3818.415908651401
3932.68,3808.57,3930.8599388518405,3853.0110391370226
4033.3,3916.52,3976.936998386582,3902.749837233052
3985.93,3935.59,3959.1252120277295,3885.786243384901
4003.85,3957.14,3987.46275019526,3918.5825931738837
4018.03,3947.75,3965.7671285358783,3890.425446948474
4005.89,3955.1,4017.8964953606096,3952.969023576542
4017.34,3964.75,3989.396997442166,3923.2792741628236
3999.6,3933.75,3990.3366381735855,3930.383983741806
4077.6,4020.82,4085.1973977881653,4029.909125362652
4080.97,4029.08,4057.26035259599,3994.6978907021166
4055.78,3959.15,3969.687651212471,3885.027695155818
3983.62,3946.81,3994.9870568497613,3917.511347246041
4015.75,3938.24,3998.520468956858,3922.6045391693924
4051.14,3983.38,4009.1810240245595,3933.749713111699
4040.82,4003.38,4043.8628670499297,3974.6143043026677
4096.2,4020.38,4113.306586415712,4050.3683334649972
4094.9,4058.85,4098.846211444269,4034.6345771029737
4091.15,4057.91,4103.274678023264,4041.31099335849
4166.62,4063.91,4181.238811999692,4121.26311728147
4198.09,4155.17,4191.299835284889,4127.460875379253
4224.81,4158.03,4231.408341806313,4168.2772803674625
4227.45,4160.88,4175.167638781441,4102.8461839854535
4241.35,4140.22,4245.908341755106,4183.590496771091
4218.23,4156.71,4190.8102350705185,4121.717169718645
4224.09,4102.93,4231.536551782448,4167.3357911691255
4348.42,4228.29,4302.238413139106,4231.486364843752
4302.92,4241.08,4264.492717252235,4185.227353884786
4318.77,4218.68,4339.8574004904995,4271.5949068241325
4368.36,4297.89,4368.772405790873,4297.016332649774
4357.34,4287.14,4353.273360284649,4279.421704593141
4333.18,4269.25,4303.473902960063,4220.614929542655
4343.88,4260.9,4377.330225857895,4308.119151432475
4400.69,4346.12,4424.5082330746845,4357.121956543266
4472.69,4414.33,4486.1999490462695,4419.007009759416
4497.9,4407.35,4518.761757863387,4449.948831516122
4503.13,4414.0,4448.5375504758695,4362.096669359034
4515.0,4418.07,4514.218398434087,4438.499354014099
4500.99,4449.29,4477.26520209421,4397.961044930114
4496.03,4427.82,4514.0472341991435,4443.0633307132575
4530.32,4439.45,4512.136879442699,4433.795175969676
4484.36,4393.42,4466.356909318038,4377.072326033755
4457.34,4391.19,4481.570028299069,4398.943992204497
4479.49,4426.89,4458.514036124052,4374.85025005064
4406.15,4330.58,4381.470415830669,4289.261814184905
4370.34,4296.62,4342.30683772298,4248.695503278306
4341.47,4284.94,4327.052070083713,4242.088739153642
4352.1,4292.76,4316.174393640946,4239.17712629832
4344.86,4248.53,4252.270663900836,4164.745654615994
4300.78,4217.51,4302.216283209417,4224.32379337502
4288.44,4238.82,4263.569200687875,4187.839725294776
4303.37,4269.97,4292.242800442549,4224.178593992768
4283.15,4236.05,4267.684845369901,4196.737704914231
4275.47,4207.31,4278.046287346637,4208.307135303974
4234.84,4201.92,4224.276694523736,4156.118850541858
4259.99,4214.53,4257.937753742159,4200.480529767157
4242.1,4217.28,4226.438377390225,4172.146017306058
4267.92,4223.03,4228.863465172044,4176.52782196473
4243.51,4160.87,4176.515671371675,4111.658043582955
4196.57,4129.45,4209.934606964084,4148.658767717522
4144.38,4071.43,4128.837553855914,4053.5097278669887
4150.98,4058.18,4096.833824003149,4014.6858095474163
4108.16,4064.66,4117.263470068226,4047.564883256297
4159.48,4097.86,4170.877304742928,4116.240602727326
4155.73,4135.08,4151.776694779767,4102.8134404354405
4161.81,4131.43,4167.1620224762,4122.483535390196
4160.79,4092.55,4127.19798065803,4073.481883672556
4193.81,4116.06,4207.341357828635,4164.215862695225
4202.47,4175.05,4188.671269653977,4147.848252719239
4219.92,4174.3,4200.44223800787,4161.589970954406
4208.8,4170.52,4196.767951599092,4157.599486960967
4222.79,4155.17,4247.015556319898,4211.1699852599595
4211.91,4173.54,4192.215126565648,4150.227126093517
4185.66,4151.07,4177.316461482299,4129.0808801374615
4183.65,4134.2,4221.867012828662,4177.696337381653
4187.39,4147.41,4179.344646690335,4132.433217331321
4174.16,4079.09,4095.2499999496754,4029.4279681864246
4119.62,4058.75,4130.433781114818,4070.7453943440205
4139.79,4102.68,4113.9195658841045,4056.946839457459
4092.95,4059.6,4103.754420953318,4052.395934547347
4093.14,4048.52,4088.2073946260857,4036.000835367926
4112.85,4046.62,4091.254862200413,4040.4080787533203
4090.89,4041.13,4063.6908923715882,4008.8675177963664
4056.18,4004.91,4053.974090677107,3996.3157809062145
4017.0,3982.74,4039.846186891235,3982.270463962702
4054.0,4009.58,4066.492123678101,4014.2513647938113
4067.54,4028.37,4061.267436590483,4012.6816607924734
4067.76,4036.02,4056.9343441332476,4006.3925283261588
4099.01,4042.25,4110.6724719823715,4067.8322436311646
4128.11,4097.14,4121.500992563616,4081.27100393196
4089.06,4047.92,4088.2284800753177,4045.080218099099
4088.81,3998.86,4039.497591538603,3980.68384352848
4019.41,3932.68,3948.3623631552396,3870.7749596772874
3953.65,3910.31,3949.20016704207,3876.7062839571518
3957.55,3921.69,3950.5882162898247,3886.86607568398
3924.39,3884.23,3939.3631848149685,3880.0459979037464
3900.27,3860.23,3904.977517279278,3848.00761964727
3888.4,3829.69,3875.6654135650365,3817.743736753861
3893.32,3827.95,3863.452303577553,3805.4862432720506
3893.03,3827.93,3907.3463336764594,3858.489464372863
3879.44,3828.05,3849.7210412453487,3794.8110770388435
3873.18,3808.65,3839.166239823952,3781.5846051552603
3848.6,3801.28,3819.231155255418,3761.2701478933864
3807.46,3715.71,3745.6113745411553,3674.489359818937
3739.81,3706.06,3757.215258661891,3692.92218430948
3784.31,3661.53,3787.6178326135923,3728.947201915559
3783.6,3749.64,3763.121730368027,3703.0422480499906
3863.23,3780.84,3840.08061718431,3790.620223024087
3849.62,3809.12,3842.254507416143,3798.4675896376248
3870.22,3831.17,3848.258311644896,3802.0860402624176
3840.49,3776.53,3796.884006270767,3741.801768585289
3804.25,3726.79,3772.883183602058,3717.2527244850103
3768.69,3724.69,3763.555548797973,3709.612103593819
3762.16,3619.99,3668.7801101807513,3595.810037276966
3670.73,3594.7,3671.802444944074,3601.240244271348
3700.88,3633.31,3688.036739412225,3624.2757802477095
3685.08,3631.06,3663.209243101559,3596.6177649084666
3618.86,3533.5,3586.7108416068986,3510.1062941348137
3553.39,3495.95,3569.558775216903,3493.6155914786395
3634.17,3517.62,3659.7895488042536,3597.0235029880873
3703.47,3610.8,3684.2442308716836,3627.773733326904
3670.16,3628.5,3674.329173730397,3616.792661599049
3782.88,3646.77,3790.919174219078,3741.6921962359283
3792.79,3746.37,3786.0805205804836,3735.104366982161
3779.12,3723.34,3774.335696878038,3718.020628014097
3760.41,3711.27,3742.045257139738,3682.8440912641922
3701.53,3665.06,3709.300468402503,3651.697542223156
3828.9,3747.09,3819.1842841948956,3758.871218293759
3848.41,3781.78,3808.389807148557,3743.376342468821
3871.64,3775.5,3884.468490699445,3824.4643664135056
3877.68,3829.31,3857.877715536731,3791.293612392175
3821.74,3776.57,3831.2840680527597,3765.8628312665296
3840.3,3801.57,3808.063145885529,3742.910563867942
3769.87,3734.0,3785.227016846779,3722.4774993436904
3809.86,3751.04,3781.3809786827997,3717.6877459351913
3791.18,3753.21,3778.3582522393053,3715.8698381354625
3804.9,3751.38,3772.4026573116607,3705.8901038950107
3790.57,3743.41,3786.260269139186,3724.1724746567243
3736.08,3672.13,3744.0285949681383,3680.708936270496
3854.77,3766.57,3846.5945848364368,3787.381623210411
3867.66,3833.83,3858.2470046584235,3797.14580108639
3944.56,3893.87,3926.811206199112,3861.0569816047528
3898.11,3865.88,3892.9834870677178,3829.411974490221
3947.48,3900.67,3955.1023955463484,3896.96749290188
3988.9,3923.0,3960.280929653758,3903.874908174616
3999.59,3944.18,3969.6226323040028,3910.035309149781
3971.49,3941.3,3957.004263899077,3900.8311036486925
4003.29,3944.44,3997.3710834936023,3944.3032604448554
3983.43,3950.32,3950.249282381423,3892.6534180521408
3964.4,3939.98,3952.195410593531,3897.117562166326
3972.74,3935.77,3954.006735546616,3902.870559049541
3963.5,3926.5,3958.8835453619167,3909.5889460002804
3960.47,3929.49,3953.065919774682,3907.996750832495
3966.57,3878.44,3910.331785223633,3851.4954805363923
3881.27,3811.48,3842.550617625794,3776.502370466845
3853.73,3821.4,3829.2669151695536,3768.5580547512122
3882.13,3821.34,3839.7738663299997,3780.434672183549
3848.34,3805.95,3831.902335203467,3778.5293948526196
3856.81,3827.52,3843.0945961039743,3794.058552085106
3891.85,3856.65,3888.2880251718198,3844.384811759462
