close,close_truth,open,open_truth,high,high_truth,low,low_truth
4164.37,3589.224539635165,4145.53,3682.7976572003436,4165.66,3684.705368993592,4143.59,3618.461525372689
4163.18,4009.252948584549,4177.58,4052.4078893482415,4180.98,4046.2519202559715,4148.48,4018.7795863052834
4203.99,4287.364256570057,4166.93,4256.094098871982,4203.99,4277.736468330983,4148.6,4271.754587698171
4189.89,4267.600103380644,4215.16,4222.295370255864,4223.51,4269.450082622807,4188.08,4238.995979496191
4166.73,4184.211101754057,4186.88,4163.859297354718,4193.87,4203.453932126535,4150.88,4156.872272579157
4149.04,4107.221828677538,4174.82,4117.545608513854,4175.29,4140.682027521991,4142.18,4089.676997295045
4154.85,4104.721198319205,4162.19,4125.259558502863,4177.03,4137.172507905355,4141.64,4090.580360441996
4185.83,4141.904957385077,4170.74,4162.817458119369,4185.96,4165.602613153415,4149.49,4128.364751145383
4114.31,4063.7500139165477,4165.02,4096.174075611206,4165.02,4104.688643442365,4113.33,4053.2122165113856
4131.93,4090.0952912151965,4093.8,4116.584991933221,4141.18,4127.779038192445,4046.49,4074.766955875145
4003.9,3953.7211128679073,4093.32,3987.816836215975,4103.52,4018.6320054426515,3972.39,3929.663048944931
3688.36,3732.7720642813,3639.91,3761.9171374190355,3732.16,3810.006630256479,3639.91,3665.248694278792
3785.64,3743.237785295598,3652.0,3790.5266192823697,3786.86,3822.030167040959,3652.0,3697.281209453416
3828.53,3774.1902637931885,3801.1,3813.5788263832683,3866.01,3842.8855041724237,3781.61,3739.8169071269294
3899.78,3860.31476483188,3841.75,3887.2817141409964,3914.91,3918.813097097157,3806.96,3833.717655200916
3899.87,3882.1282605698575,3879.55,3894.070930604169,3899.88,3932.5889456888826,3849.71,3853.4188276933564
3916.01,3908.9281920483954,3872.37,3907.987532175076,3920.17,3950.853775446099,3861.01,3877.3210425067227
3952.46,3928.2278508991058,3926.42,3920.57827430255,3970.52,3965.1873113220067,3915.71,3895.062664112732
3984.43,3969.2444812983854,3945.67,3960.0251511935185,3984.43,3999.030044859975,3940.67,3932.848336364064
3959.92,3945.8664003091535,3985.88,3944.783596971178,3999.55,3983.0968218836474,3950.14,3910.469177206811
3987.73,3992.7026430537458,3954.23,3987.1892066113405,4001.56,4013.9836104473616,3954.02,3945.686819607075
4077.42,4073.5947043815536,3999.65,4071.986629699118,4077.45,4088.8287299381363,3999.65,4027.6669931541855
4057.51,4033.244615266076,4069.83,4040.8205125670406,4076.39,4059.3737935213558,4027.79,3993.317791719351
4051.31,4026.2373863850853,4049.59,4034.0098569501906,4085.17,4052.6098686397854,4042.85,3988.6423203489135
4144.66,4131.792769971288,4062.9,4134.972078056434,4148.53,4154.492082848694,4055.81,4097.574920975042
4149.49,4144.654116491324,4134.87,4145.855395621704,4184.44,4174.100832554343,4130.17,4109.839911512336
4132.84,4131.805847024448,4131.84,4136.734622617972,4149.01,4167.015403532003,4097.18,4097.247036933125
4123.85,4134.975284492625,4066.3,4140.061642460246,4126.71,4171.918390638765,4020.91,4098.653535803573
4073.02,4082.99296237831,4070.1,4088.1628921592783,4132.78,4126.292611941616,4061.12,4043.30790136754
4084.88,4084.0987502249122,4084.08,4089.687015196084,4110.53,4127.401066826951,4067.44,4047.8425946961383
3940.05,3955.8495651142966,3988.73,3958.416048792288,4031.15,4011.4611901429253,3928.07,3902.7583595268916
4069.67,4068.614483478138,3968.84,4069.4987163096853,4092.54,4116.897053267791,3968.84,4028.555746654555
4091.36,4060.808194858806,4125.14,4065.193008817667,4147.65,4117.559123317677,4067.91,4031.451532392746
4115.05,4107.070795187337,4078.5,4113.139117568294,4115.26,4160.524218609851,4060.73,4084.535362859345
4206.73,4207.950938055438,4150.21,4215.965314398187,4215.85,4261.237724467043,4127.04,4190.793244767923
4138.51,4148.417977237266,4158.2,4163.241707232924,4181.31,4211.077007464281,4135.39,4133.200608241229
3997.13,4014.525007882232,4063.08,4027.7651690820803,4063.08,4078.3435170272082,3995.13,3979.0211632236787
4082.73,4092.9083466158404,3975.23,4102.792491324387,4093.0,4141.6776132379055,3954.75,4055.7753764802596
4028.43,4005.4350317030226,4090.93,4024.9809290217295,4091.27,4066.711334014082,4028.4,3972.8472419176865
3950.91,3940.39863837929,3976.11,3960.5540052411798,3987.43,4001.885719710326,3926.27,3900.1637375559494
3895.31,3895.8194173245247,3771.01,3922.622118696175,3937.18,3964.0079623256315,3765.15,3853.6732149605855
3727.84,3689.181261284138,3899.86,3706.678639802387,3899.86,3770.5447876981966,3720.51,3626.100352096756
3709.68,3639.953924685893,3739.78,3671.6105643155965,3786.89,3733.636275537884,3618.31,3589.0226710080474
3636.26,3559.142979930405,3729.69,3593.0455874039503,3775.85,3655.9019272620667,3636.26,3509.0537588069787
3589.09,3508.9310286254135,3623.79,3550.687454801992,3647.99,3606.6200752841137,3503.19,3460.9428149503246
3653.22,3545.3953717383374,3629.51,3600.532904164207,3663.95,3641.5185827243504,3588.78,3518.862182125784
3530.31,3489.4967149698946,3542.68,3528.772235325422,3585.8,3571.3265583909233,3523.79,3455.713522635136
3625.11,3544.0371708706066,3598.65,3583.6563391978234,3627.76,3618.4067108448667,3545.45,3520.886931763955
3722.52,3636.6011495219377,3711.48,3657.484008011623,3732.65,3690.982109021849,3685.99,3613.3380568791194
3698.05,3671.1259293580533,3692.61,3673.3206444829393,3736.25,3712.645547627139,3681.27,3641.3001515071874
3710.06,3695.0061173982917,3746.39,3687.116448405482,3758.78,3731.738226066827,3709.92,3661.819528285585
3674.11,3685.299836535536,3657.46,3675.7028518336965,3690.64,3719.1992055366436,3637.59,3647.160734340447
3686.16,3667.917325468285,3708.14,3664.3431122295324,3716.07,3707.5928734148365,3676.2,3635.967790698463
3675.08,3657.1486958810556,3682.3,3658.8656027775305,3731.78,3698.337111922221,3670.97,3630.094488501842
3734.53,3704.1575945700824,3656.32,3713.8368882234963,3734.53,3741.990878875929,3652.32,3687.2467210769823
3713.22,3680.935726102006,3721.48,3689.5006636528074,3738.83,3718.9068815686505,3698.98,3665.612077198806
3798.02,3754.9787779444728,3779.91,3755.637991454985,3803.63,3780.3759926427683,3772.21,3742.599211794525
3780.34,3757.942219456448,3776.42,3754.889110805988,3793.0,3781.6656975274627,3767.29,3745.087273053779
3792.81,3756.729225669095,3798.49,3755.548478130567,3801.72,3784.0447302491175,3785.31,3746.242972991246
3769.18,3740.503969068553,3794.84,3740.2701988322897,3824.74,3773.8433222624526,3758.96,3728.4417914444584
3753.26,3734.665971163353,3751.71,3737.4855053759397,3769.88,3766.577198120996,3740.19,3720.3934460743303
3825.7,3808.17623019641,3777.83,3807.8099452309107,3825.76,3831.1774004860554,3764.98,3790.4937342418425
3797.36,3777.5530085917303,3820.85,3781.88515062067,3829.8,3807.5181882069205,3793.44,3758.8350786416886
3802.38,3797.4634046677115,3777.8,3801.768054916166,3807.36,3823.550147226479,3774.56,3772.6732974371703
3839.49,3829.128194135161,3831.92,3834.830662742122,3863.45,3858.3915999217343,3821.42,3806.789385300675
3853.46,3842.6271441035415,3845.46,3849.896817483622,3853.8,3874.6905868982108,3831.55,3820.4556844392355
3808.05,3791.447442311349,3838.23,3806.225650067923,3838.23,3835.272677799164,3780.0,3768.2890578374017
3839.38,3834.858856623836,3789.13,3845.328205082913,3839.38,3871.800705312882,3782.21,3806.582351230041
3829.75,3803.7649905811963,3851.91,3821.707568940707,3857.47,3849.942405822273,3826.56,3784.039602477514
3796.97,3769.3293548153797,3826.31,3790.0393481249225,3827.21,3817.3808581252692,3787.07,3752.1542410457596
3822.77,3807.6198727961582,3808.02,3821.0928287366223,3842.87,3843.4150557642865,3793.77,3788.836564593208
3849.15,3834.1012938710146,3835.35,3843.2669373287463,3859.68,3868.635342006935,3768.2,3814.4486847531757
3867.03,3874.930637563414,3837.51,3879.364189348337,3880.74,3905.8125141248797,3833.72,3852.971631537691
3912.58,3930.441886632013,3880.41,3932.8958777259227,3921.7,3959.0853259302658,3880.41,3909.29726568783
3936.25,3971.529081328043,3867.26,3976.1338576497956,3937.69,4003.478944087916,3865.99,3949.5635662203313
3924.89,3927.1853767059188,3937.59,3947.5585747989735,3941.48,3973.5379325783083,3915.9,3915.717564586391
3963.62,3967.9594342428823,3943.0,3987.5208333993414,3979.66,4006.024408242442,3935.98,3954.9825917088865
3960.18,3959.6902697320215,3974.76,3981.3195420054426,3998.1,3998.6287032442483,3944.5,3946.236667753194
3960.24,3961.9355091264274,3961.34,3979.991998519727,3970.11,3995.160505885706,3930.21,3944.684841345699
3968.25,3979.508738008566,3946.64,3989.7875543120117,3972.53,4002.9247819252773,3932.57,3955.6915440324688
3925.22,3916.6061701758376,3952.2,3932.7754039318443,3952.2,3949.3831469621873,3924.05,3896.702404709304
3912.82,3894.4419893043764,3941.13,3907.249144404918,3945.2,3926.5244963135765,3907.4,3876.4524733864982
3922.91,3913.6135318768584,3914.66,3917.48876919301,3946.43,3936.0826022585725,3898.4,3895.690494451349
3956.25,3929.8250640453716,3963.78,3932.578630068183,3966.85,3951.6872055710146,3944.07,3915.5207828993225
3935.22,3911.5485227596573,3955.71,3915.722597463478,3955.71,3938.3153097961585,3923.92,3899.0937731760523
3913.79,3884.7680773850843,3950.6,3891.2566368661555,3951.74,3916.9228485895155,3907.58,3874.0879533492134
3824.06,3806.0752915519643,3907.58,3810.042855756211,3907.58,3846.714569528972,3818.15,3779.609227151699
3829.32,3818.9853857008557,3828.32,3817.9857059539695,3835.63,3851.555279488466,3800.18,3786.8707341218424
3872.77,3868.5005469443786,3850.0,3863.711340183847,3874.75,3888.2555809976143,3844.48,3840.5996958243263
3845.61,3842.584935001265,3873.7,3844.387343613675,3873.7,3873.564310565073,3838.42,3822.3947305585352
3856.63,3861.7124558106366,3848.49,3859.2640435983576,3885.42,3891.2450146265314,3818.43,3841.302176330783
3867.02,3881.953274061493,3838.38,3876.328767904418,3872.3,3905.6789511863994,3830.42,3860.7597265587383
3971.34,3984.6693186649604,3901.73,3972.02051960316,3976.32,3998.2470761971535,3901.73,3964.7693889061075
3983.57,3998.7613324154804,3969.95,3987.567792270689,3991.78,4009.502397605272,3958.98,3970.3388681234924
3983.65,3986.0035665145283,4001.17,3984.8858901644476,4018.68,4004.425700342451,3982.93,3955.7664505098974
3982.19,3975.8159594624694,3998.16,3982.8926318101635,3999.81,3998.4465719645027,3968.57,3949.831025276607
4001.25,4002.53114904702,3988.22,4003.866795504924,4001.25,4016.915075410897,3967.93,3973.259195504844
4021.95,4017.104942152051,4023.61,4018.0805009970336,4050.22,4030.9057605766884,4016.1,3988.258496739165
4047.03,4050.8091045334786,4027.56,4045.46678522533,4052.16,4058.530832512267,4016.34,4017.4481861444556
4039.71,4031.671225662199,4046.23,4033.0066859164885,4046.23,4048.41360312246,4024.42,4005.0844523379437
3995.88,3986.170072359705,4031.74,3990.2912124962877,4043.01,4012.7167209326567,3979.75,3962.8808998532672
4003.08,4015.5490317776453,3931.62,4013.9488975687154,4011.06,4036.176208964343,3927.25,3991.5248420658654
3954.99,3949.142720028648,3982.97,3956.5145059715605,4007.14,3983.2850242060513,3954.99,3928.470312271832
4014.57,4007.880570119581,3995.58,4009.0658874279766,4014.57,4031.049311359542,3987.86,3988.9008085695687
4017.59,4014.450429836492,4018.61,4016.675880191451,4018.61,4040.2517717088194,3992.13,3999.194586134124
4044.38,4061.3734860874533,4009.78,4057.694098074001,4047.56,4082.866313247505,4000.9,4043.307132438773
4098.71,4123.6824722349465,4047.05,4116.8826140212805,4109.36,4144.761050107983,4043.49,4103.55033050424
4102.05,4114.065982821359,4097.51,4114.423717975797,4126.94,4143.064683285232,4088.78,4096.860393917896
4121.79,4131.044788425733,4098.04,4131.766179716808,4124.73,4158.182819824675,4080.75,4112.250375043474
4138.99,4145.125278832379,4128.1,4145.507317036017,4144.68,4169.079558035788,4123.36,4124.988513082334
4109.72,4104.217796510459,4127.93,4112.814421261995,4137.37,4136.959825572233,4092.54,4088.124017494399
4163.96,4159.805501023519,4130.0,4159.852118742758,4174.42,4180.435214847838,4129.78,4138.332246602953
4247.78,4235.420453498464,4172.64,4231.375855786522,4247.78,4251.387229274025,4163.5,4209.89247419025
4335.84,4316.014137905424,4239.41,4308.612900587311,4340.1,4332.083071326526,4238.12,4283.747697838776
4419.6,4386.973335766232,4353.19,4375.629233690261,4419.6,4403.053298880688,4348.45,4346.790245159517
4670.09,4582.81942710432,4465.81,4571.245642136461,4678.11,4595.828748407003,4465.81,4529.022902864078
4698.13,4627.142091913193,4739.61,4614.527471930544,4796.32,4655.880760620648,4688.06,4566.527659805704
4774.0,4749.508092073534,4692.86,4730.608247401626,4803.36,4773.3893816715445,4670.65,4676.450512529505
4840.77,4836.128938491296,4770.08,4817.616494152455,4854.12,4861.8836412185665,4757.29,4755.646587241896
4753.13,4788.089412642389,4796.09,4769.373087168054,4821.37,4830.3809355851745,4734.47,4710.9620860890645
4852.96,4889.695914601813,4742.37,4874.600080584672,4878.08,4920.980214933874,4741.87,4805.161755221394
4806.69,4855.880726744305,4836.17,4844.714936692104,4860.44,4900.511661971762,4729.93,4775.232228187028
4744.47,4804.720834745512,4821.52,4797.256941120066,4837.48,4860.336896221327,4723.36,4732.905518944766
4516.25,4619.924594375464,4741.53,4613.1877515237065,4772.56,4697.876839168541,4513.65,4554.534037045922
4544.7,4645.739733118066,4524.77,4653.42807141331,4601.37,4708.18507792198,4485.82,4589.6010334851635
4680.3,4751.647420284928,4597.2,4775.969480789844,4681.94,4801.638661240431,4534.23,4703.7069868586495
4691.04,4764.32426382722,4697.5,4782.512244142013,4714.29,4810.614534610499,4661.44,4718.158746733154
4714.45,4814.428021938685,4682.66,4831.813229680022,4790.45,4858.7721339362,4675.35,4765.139909959543
4712.44,4817.28192694598,4668.74,4821.047924616264,4731.4,4857.404778457506,4607.66,4762.981270599741
4505.59,4604.451592021014,4679.03,4589.401561070928,4691.7,4663.56395886472,4479.39,4537.874298215705
4528.45,4600.254246384208,4535.01,4591.783574109115,4558.12,4652.768992218167,4482.44,4530.761066342883
4568.26,4626.974809213374,4567.67,4628.144378745967,4590.25,4673.039485573559,4537.69,4566.212014546669
4679.01,4741.143180227908,4559.16,4757.8223706919325,4680.56,4783.714332112302,4548.85,4687.781703156135
4656.15,4710.71015853502,4689.76,4725.448600930506,4704.63,4760.79908367891,4649.77,4663.095501386964
4695.05,4768.061711515296,4652.18,4783.27900154755,4741.81,4816.010712333203,4621.96,4720.743372630119
4771.31,4817.757879890667,4735.9,4822.285436610706,4771.37,4852.184465131802,4720.02,4761.222858663394
4775.8,4822.477401323427,4778.49,4819.311936106109,4807.08,4852.369599292863,4747.77,4762.4079060488175
4777.11,4855.959965917904,4761.76,4843.64090634081,4786.7,4879.047980253935,4711.27,4793.562464764515
4762.76,4853.665784680981,4779.24,4830.744640080718,4791.86,4873.351906079921,4691.16,4790.46957695227
4707.93,4803.556847538563,4742.29,4774.068715219401,4749.02,4828.129035719185,4637.84,4739.713101632529
4724.87,4826.477037453558,4681.76,4795.976550818269,4757.66,4845.083564742688,4646.29,4762.937185350408
4681.78,4781.218133323946,4730.38,4746.350933744818,4791.53,4801.907353838078,4674.86,4720.624701290344
4647.64,4733.508770698368,4668.89,4700.164131012877,4681.62,4761.384645535297,4566.27,4674.154363075126
4635.71,4688.270453216797,4666.49,4660.507007919985,4671.77,4719.223147394976,4626.1,4636.540290093728
4704.63,4770.086194715281,4627.61,4751.384147503013,4708.07,4795.309631909279,4617.63,4727.994499061902
4815.23,4872.631007607826,4727.12,4866.302156548667,4838.09,4899.958479009552,4721.36,4838.305660813262
4812.76,4877.527133996124,4816.57,4873.429282572973,4825.39,4912.484933134233,4788.83,4847.9546916063155
4740.68,4810.51358086775,4804.67,4800.283812810856,4809.05,4851.022219502916,4738.01,4778.323321832149
4679.15,4752.930395728049,4708.13,4741.350234956853,4721.44,4796.1473052360525,4662.8,4716.197722066585
4718.84,4771.384966202813,4717.79,4757.556551094676,4739.48,4803.943829609744,4684.81,4726.4870142133295
4755.85,4802.030198689047,4746.4,4795.943129056041,4769.47,4832.358789891174,4716.61,4761.035240044137
4761.95,4813.64715354657,4769.21,4809.300175193053,4802.41,4843.903824066142,4746.31,4776.648851286248
4706.13,4761.236007669249,4761.72,4753.1948815821825,4786.42,4797.141258951253,4689.88,4725.742306702061
4731.35,4777.773430360554,4718.06,4767.41648911885,4731.94,4811.081286814864,4679.36,4744.21159123166
4844.27,4886.065284427166,4727.29,4887.305790983377,4850.49,4920.567906273345,4719.35,4857.561815781544
4816.22,4864.656076793049,4870.93,4863.871694909421,4901.21,4905.913584336982,4816.21,4838.781627720309
4842.12,4919.920739250343,4803.39,4916.318212348303,4842.13,4958.340497531994,4791.78,4888.453016394393
4843.89,4916.4339566604485,4859.08,4911.480088411487,4863.55,4955.787003933951,4797.52,4883.737945192432
4817.1,4901.315847402134,4841.5,4894.476183940179,4877.01,4942.82343473788,4800.06,4867.2389124746105
4770.22,4879.551228768787,4737.24,4868.102786374139,4778.2,4917.966627694381,4726.56,4839.268487784895
4669.37,4756.56995973109,4759.52,4741.825782589178,4789.3,4801.483817012633,4655.56,4711.742805097609
4694.39,4753.093794154653,4683.83,4744.136288601201,4707.9,4797.388148019353,4639.05,4712.045763031981
4584.59,4625.242423359205,4634.25,4621.381264938177,4645.2,4682.712549648889,4558.03,4584.754731773559
4581.98,4583.56417175553,4632.1,4588.6761274721775,4647.75,4649.6529153338,4572.21,4550.285321141415
4627.28,4628.366155879212,4572.26,4632.0684563483555,4630.88,4683.172121050112,4563.11,4594.082734806206
4651.05,4638.259270283639,4652.05,4638.610960617097,4666.99,4685.690885672947,4625.99,4611.441301731234
4688.48,4692.833438438967,4649.45,4688.6338821275785,4691.5,4732.420941333601,4630.54,4670.8760352751315
4657.36,4658.870259771945,4683.01,4648.9736500335475,4690.68,4699.4466932958985,4638.46,4640.729670328346
4632.71,4639.013984569435,4642.05,4626.641047154268,4664.95,4681.871612320687,4601.64,4620.942954510529
4737.09,4734.716261765332,4636.64,4726.120792884777,4737.8,4772.510843046879,4631.7,4718.860906852624
4691.43,4675.632840833981,4750.75,4669.968993798558,4752.98,4720.652257780709,4688.72,4664.919272268545
4635.76,4650.627055153742,4654.22,4646.369602497458,4706.21,4700.840552466196,4622.11,4636.77404443903
4652.33,4667.3886004095875,4639.66,4662.278490859793,4665.96,4712.174471028728,4623.55,4654.055974796903
4563.07,4569.869260203421,4623.95,4565.481035860668,4631.95,4623.033155838395,4562.21,4556.75982951808
4570.02,4558.210225719396,4582.48,4553.88899557776,4599.54,4610.77082470936,4554.72,4546.104783587621
4581.91,4571.211017647873,4582.65,4569.66316055747,4613.63,4620.531886263219,4571.15,4567.529317680093
4591.8,4568.5941827825045,4608.29,4568.143636251514,4616.68,4615.838905008408,4586.35,4572.599890282202
4587.4,4568.429619073936,4607.58,4568.770229522435,4634.72,4616.325110661292,4563.41,4577.219998781384
4681.14,4651.617933251048,4663.61,4644.219080502302,4695.4,4682.4172227995805,4655.08,4651.789685409659
4823.16,4793.698173689981,4705.19,4795.244769675528,4823.27,4821.194468842899,4704.16,4793.838253882438
4839.2,4833.90286151142,4812.9,4835.833945401103,4845.92,4867.772422036956,4795.37,4831.848325179069
4807.1,4810.886859523772,4830.46,4812.779795174493,4830.46,4853.587202385988,4795.91,4806.1480345204345
4798.74,4815.35804642228,4810.78,4812.99807296269,4833.89,4859.376496440818,4796.26,4805.5321225777125
4791.68,4811.357374485958,4798.92,4803.15963886305,4825.55,4854.928576413306,4765.97,4797.087234234475
4755.49,4772.827973702419,4823.49,4765.438387145111,4849.6,4822.839786683298,4747.34,4757.865459355147
4793.47,4817.6967673254085,4751.37,4807.872625504082,4793.47,4861.398088365968,4739.46,4799.294700571008
4792.83,4801.295812099746,4801.63,4792.1862898065065,4801.63,4844.914881148831,4758.85,4785.895988643519
4777.98,4791.556514914658,4780.6,4785.9103823853075,4791.81,4838.042983099986,4725.5,4779.3836746024535
4718.49,4734.290545420899,4775.47,4731.165276772095,4802.46,4786.825056034326,4717.1,4725.2408369908935
4691.24,4712.210394326669,4684.05,4707.823414398553,4713.39,4762.649903049287,4639.3,4700.885787210901
4699.28,4715.550480864787,4680.14,4711.9677129148495,4708.46,4759.521553519547,4671.85,4705.357107993583
4737.27,4750.348389845848,4703.0,4751.7985514463,4753.31,4791.484744474561,4685.6,4743.701022530078
4772.92,4788.178621450575,4683.61,4790.444731002646,4803.03,4827.239921729888,4679.25,4770.1861331506825
4695.33,4690.163130078999,4776.47,4689.887716377992,4778.51,4736.898629054147,4683.47,4667.008836194071
4720.83,4720.997526670833,4702.75,4714.628499721698,4738.02,4762.672620499234,4695.44,4693.503814733858
4777.56,4773.95777930507,4743.17,4764.545844735218,4793.4,4811.213674712831,4734.17,4748.340226093652
4813.66,4818.075872391253,4781.45,4806.492228999028,4825.46,4854.4801026169425,4770.56,4793.738036833081
4885.11,4888.045875339814,4861.34,4879.034293457041,4885.11,4925.500987473284,4838.0,4864.963395942157
4885.72,4895.66099297905,4897.63,4886.392262815806,4897.63,4939.411378203919,4845.43,4873.4870994840585
4981.35,4990.253015414148,4918.86,4976.6968280226765,4997.8,5030.014182674162,4918.86,4959.5831564911
4953.88,4965.551756754013,4995.41,4947.718346586835,4995.41,5012.228247206629,4928.93,4932.91465635946
4904.9,4939.938729694397,4937.76,4914.995850531151,4957.58,4985.6548365315175,4901.71,4904.319733355786
4908.46,4947.657816380038,4916.77,4916.991311094574,4926.34,4983.792397316053,4891.51,4911.484867920411
4856.85,4908.603779760841,4886.98,4876.820425563707,4886.98,4940.501032441021,4825.76,4875.407242771158
4904.17,4952.7673188436465,4880.96,4926.7498179566355,4904.17,4976.088831703063,4848.62,4922.18810005363
4894.79,4937.7092863444,4903.12,4914.308243112905,4909.29,4958.977108370732,4865.39,4910.851526925627
4891.67,4941.264043715568,4889.67,4917.91015047242,4911.09,4959.647925944448,4870.72,4916.457530259465
4927.99,4983.511470821106,4880.92,4961.046634463325,4939.79,4999.286612100162,4870.2,4959.722332598008
4943.29,4997.174919760168,4928.22,4971.952880911984,4947.43,5012.2983579573265,4922.59,4973.915732406651
5005.03,5055.152099679708,4954.6,5034.7306091308,5029.65,5073.869436436091,4940.45,5030.227718071168
4974.29,5024.559175406111,4997.05,5002.866974639352,5001.06,5052.835558426453,4960.98,5000.679067086275
4910.7,4967.416984752157,4992.75,4940.063985786293,5004.77,4999.803760486594,4910.7,4941.207040497156
4919.59,4978.060540741843,4908.32,4948.785511227284,4925.29,5003.7240873231,4867.82,4950.206710946104
4980.77,5032.86608210505,4930.59,5010.861900606164,4980.77,5053.967775242191,4917.35,5005.380682034805
4960.25,5019.515835062941,4994.11,4998.229122192477,5055.19,5042.435274832711,4960.25,4988.15834365641
5067.1,5114.676515096806,4963.13,5098.047101338403,5072.55,5136.04318013873,4963.13,5079.841437087693
5067.14,5115.415692289739,5072.98,5093.388781300706,5090.61,5140.385477079996,5043.31,5079.236161992921
5057.06,5117.818633176699,5065.45,5092.019914008205,5072.3,5146.4935987944245,5033.79,5080.691359685306
5065.92,5135.563417459195,5049.52,5105.0534944852025,5072.39,5161.24035725126,5017.85,5096.5690979590345
5022.23,5089.738315770517,5065.73,5056.244508377204,5067.87,5118.381798965733,5014.61,5053.746429661771
5009.88,5075.311866096132,5029.11,5039.969146505785,5043.06,5100.908685395168,4998.92,5040.755506290615
4942.7,5009.593847560944,5022.38,4972.377907275824,5033.64,5032.917054985179,4942.52,4977.651060204094
4940.52,5014.286826460064,4931.29,4980.202485888643,4962.74,5030.1673296212175,4919.77,4985.71789190334
4889.63,4936.398732561448,4957.82,4906.048533882549,4957.82,4954.146647375725,4849.35,4911.197032251797
4934.83,4971.90215503424,4903.63,4949.611469196148,4937.26,4985.43275387428,4887.66,4952.421866570314
4945.1,4972.711767048151,4931.6,4954.616313318963,4954.19,4984.095035528562,4904.79,4959.385285488278
4953.87,4972.20681153012,4957.3,4954.694945139399,4968.86,4983.246134036873,4938.19,4964.614001106891
5017.48,5037.463507883065,4960.73,5025.743782259409,5021.62,5047.980552140698,4950.37,5032.008044477388
4999.97,5018.6080804124485,5014.32,5007.999287808805,5027.44,5034.648803583421,4979.0,5016.868349665611
5046.84,5068.448614275667,4995.76,5054.092950048334,5048.51,5081.692725621501,4970.0,5051.920608303478
4964.77,4995.68141670876,5034.98,4972.948538526271,5055.13,5011.867248648567,4960.95,4972.398123329307
5007.12,5039.795496045954,4977.3,5012.527936590725,5028.45,5052.41006320015,4968.15,5012.870432694085
5000.02,5027.323742129445,5006.0,4997.813034206907,5033.04,5039.50354874906,4979.24,5002.473874984282
5042.01,5071.593969249908,4985.77,5043.805394826039,5042.1,5082.916203917199,4973.68,5048.308565418414
5064.41,5100.928518477416,5042.94,5076.228001813669,5089.34,5115.388056854929,5037.86,5081.639192545975
5042.94,5075.384243053717,5071.45,5046.24492438527,5077.42,5095.189110410864,5034.31,5059.35217668602
5113.71,5148.693555685752,5037.98,5120.630885601251,5113.71,5169.1650916010885,5036.63,5130.8230803815
5211.29,5222.034719358155,5122.48,5197.658850075542,5215.62,5247.264420516712,5122.48,5200.5271139241895
5267.72,5271.25130946717,5212.93,5248.8405222183155,5284.43,5304.44946443506,5190.94,5242.166272693563
5368.5,5344.8648901677625,5245.84,5324.160349650976,5368.5,5383.729970187858,5234.38,5304.62199920995
5417.67,5382.218909876254,5386.51,5357.607890680269,5433.47,5425.611678125675,5341.43,5331.529123569087
5513.66,5447.671891502363,5428.39,5424.269149944974,5513.66,5494.476624758043,5413.35,5386.38514261245
5495.43,5453.775379481851,5526.29,5429.770527457791,5547.47,5509.228083376938,5442.69,5383.638785364732
5441.16,5444.710262651221,5504.24,5415.360307185449,5555.69,5502.113604741879,5412.5,5366.914840982434
5596.35,5517.738224426671,5419.5,5493.790819797898,5596.35,5567.959219492239,5417.63,5437.455597178897
5577.97,5510.571481392291,5609.26,5487.567117687466,5644.72,5564.49963909747,5535.14,5424.984854118915
5470.46,5475.069224201464,5556.21,5445.409580429733,5568.02,5533.320330725677,5458.68,5385.013886310509
5458.08,5478.268570573402,5471.39,5445.505700381567,5500.63,5530.391607523341,5390.27,5387.9816950432505
5518.52,5513.669577709075,5438.16,5488.49800444472,5541.46,5559.04196758784,5410.77,5429.173978043946
5437.52,5472.76429647531,5525.97,5443.888760706636,5532.48,5517.63301761702,5415.72,5391.185564907597
5476.43,5499.345931799131,5439.91,5473.0188059479315,5496.05,5538.153925162056,5426.54,5421.965527158755
5564.97,5540.714995254842,5492.96,5524.173792497608,5593.11,5580.863253302243,5490.56,5468.1068920163025
5569.78,5543.414824091249,5562.38,5526.730168682923,5573.66,5585.852214206649,5513.88,5472.504139327721
5625.92,5581.195078047269,5564.12,5572.035569592381,5655.48,5627.29197635096,5543.27,5511.952235574265
5512.97,5535.671137008576,5600.9,5519.429974928629,5600.9,5587.206383119568,5506.0,5464.698999718995
5528.0,5550.817471985591,5505.77,5527.7698704799905,5534.99,5595.310506987942,5449.64,5477.200243620085
5377.14,5466.974398820097,5450.37,5426.339226535696,5462.24,5501.485088626685,5360.38,5387.064363023692
5351.96,5436.397400066684,5413.97,5389.597828342929,5430.2,5460.531793255372,5288.1,5358.461494422754
5417.65,5457.180333382668,5356.85,5420.4391196269935,5422.3,5475.254267541575,5342.05,5388.4958520790815
5501.09,5491.874661744647,5429.7,5470.643788162305,5503.21,5512.62029478221,5411.52,5432.99196568389
5485.2,5483.544708357961,5499.3,5465.827945400308,5532.89,5508.820213758353,5473.12,5429.557160879722
5473.95,5490.773081860695,5453.98,5476.177810187067,5510.05,5519.087195533729,5411.57,5438.379593247774
5483.41,5491.863785779643,5494.7,5477.902528568098,5550.77,5520.524139522891,5477.65,5442.070451331501
5564.56,5533.334617193603,5506.14,5528.417838133732,5576.49,5565.320861857041,5479.85,5487.22194855576
5686.25,5594.113911810896,5584.17,5607.084116665776,5686.25,5638.197396805874,5555.05,5552.928449591307
5807.72,5651.250535006573,5709.68,5673.411287849913,5823.42,5706.263577008505,5707.33,5601.9904622171925
5768.38,5655.961381562485,5922.07,5678.18153192856,5930.91,5718.875156290458,5747.66,5595.77213527488
5778.84,5679.5425453030075,5734.02,5696.117100407407,5787.89,5744.171428486376,5667.32,5608.354373006141
5597.33,5614.465431848398,5785.51,5613.982731106475,5785.51,5673.395865977449,5597.33,5527.0035035777855
5579.67,5620.066035922237,5542.68,5611.400705661776,5644.75,5673.025336535213,5541.11,5526.743349344801
5437.57,5541.4861529639165,5591.48,5517.339430747084,5598.83,5585.887726542198,5379.73,5439.026006031605
5469.56,5529.119662851553,5494.47,5500.40003804938,5527.63,5565.246964864685,5444.16,5430.602135074676
5336.76,5450.6254928555245,5343.9,5414.848358331472,5416.32,5479.309201797019,5318.86,5350.697748812676
5418.78,5463.371864888378,5389.25,5435.753022896638,5421.56,5486.426552753337,5345.94,5376.704585739931
5349.63,5397.392434765778,5453.28,5368.8052173604265,5454.97,5416.012249922585,5305.05,5318.892291895338
5452.21,5449.97526551923,5327.35,5434.791305211436,5452.4,5470.356176436957,5316.48,5385.9130203492405
5280.71,5336.993798923617,5388.48,5311.42018115633,5392.37,5353.012583298318,5254.78,5274.879834485251
5262.8,5335.818029421247,5191.97,5304.918482527519,5307.82,5346.8783495724565,5174.25,5267.003825275126
5080.02,5176.444098295928,5299.79,5133.796987251735,5326.26,5184.631235972906,5079.8,5102.502664947803
4971.0,5078.712547296413,5066.15,5034.418284058195,5094.31,5096.617698556369,4917.91,5002.718522487123
5003.61,5050.378327897703,5047.06,5011.616351548866,5055.28,5067.611954016265,4981.62,4983.3516417763285
5128.22,5135.185995578409,5024.56,5110.253946596253,5138.41,5148.415573395956,5020.58,5079.952675449384
5146.38,5126.3588552201245,5153.67,5099.353140899584,5153.67,5135.277314843398,5086.82,5075.005772224038
5035.54,5047.753724485903,5116.12,5013.575540432351,5120.88,5062.119292411316,4992.4,4994.1721355465825
5079.36,5082.973077110861,5054.41,5047.062332601006,5084.31,5094.914934290817,5009.95,5034.394799371531
5100.86,5107.035502302799,5062.77,5074.150282261816,5123.55,5116.4834557345475,5020.13,5064.8040098019865
5141.77,5146.144954553205,5114.59,5113.2558167362295,5160.46,5148.426801560872,5111.13,5106.951302331845
5007.09,5056.544223200189,5068.53,5020.879361354639,5089.92,5063.2780129186585,4980.76,5012.979364269473
5057.15,5098.391181737195,5008.4,5063.679425514122,5071.34,5099.002508560552,4996.54,5054.224703355121
5009.25,5041.774274297768,5057.06,5008.728348575551,5064.02,5043.990245113551,4966.53,5000.257950431305
4928.69,4978.721773518917,4985.4,4943.580006989385,5024.33,4984.109658254965,4919.89,4937.146583985878
4926.35,4968.150723962588,4904.07,4932.857062066125,4950.76,4970.746183603796,4883.66,4924.888706039684
5037.99,5042.255406273411,4953.95,5013.5998942745955,5050.83,5038.737683453728,4953.95,5002.538080536363
5046.88,5050.403187246283,5052.26,5022.58050314371,5086.65,5046.614893942748,5010.39,5015.012283775798
5094.73,5107.211459879466,5043.1,5079.73158701221,5106.04,5102.725689710739,5032.79,5073.317717269912
5048.36,5065.210943074669,5085.95,5031.96424582699,5085.95,5064.327062977984,5015.61,5032.251410432284
5110.78,5124.506056896271,5059.94,5089.910068111265,5115.43,5121.505840013588,5056.87,5091.32269697877
5161.56,5165.970802948859,5129.85,5136.616203574883,5169.83,5163.828710384565,5116.35,5135.913516976768
5140.34,5149.870231518538,5178.64,5125.162254759167,5181.15,5155.614654948059,5125.33,5126.100319891864
5103.74,5128.798049323764,5141.66,5105.12707417879,5141.66,5139.783986896635,5065.19,5106.310400204182
5112.21,5150.219557156397,5078.26,5128.535261909933,5129.13,5162.94690775847,5062.07,5127.828102832309
5035.34,5075.452994689633,5100.04,5051.690858044469,5100.04,5094.089533609416,5022.09,5055.211751582929
4947.75,4992.521430972074,5026.98,4965.182124143065,5045.6,5015.185301941368,4933.01,4970.173356095505
4939.64,4974.211484936704,4949.81,4945.346826427487,4994.54,4993.451230345152,4924.2,4952.528747668988
4980.63,5003.869464647301,4945.69,4977.114859133957,4987.12,5015.143131042904,4940.27,4987.0815870724
4948.97,4960.690200397335,4969.91,4938.012822285824,4969.91,4974.456830988495,4900.3,4950.284757216
4966.18,4956.125661465878,4966.9,4935.34996281155,4979.17,4970.206709447589,4917.96,4948.415235072756
5087.02,5054.41344038987,4966.41,5042.18534614997,5088.21,5069.291609151699,4940.75,5051.713510155447
5083.37,5061.896363264001,5065.78,5046.6608828291255,5119.86,5076.968148832855,5058.92,5049.702248809404
5098.75,5092.267883964307,5055.24,5077.65075845922,5110.56,5109.8641913963165,5047.99,5075.106373737779
5089.24,5075.3327116957225,5114.28,5061.807288662487,5119.22,5098.1645741136645,5067.14,5059.198262777738
5135.45,5123.503784930865,5088.83,5112.892322686569,5149.98,5148.445079968876,5086.49,5108.342166317356
5077.24,5074.5351409287805,5156.59,5064.293712322207,5181.11,5105.913574626547,5072.96,5060.431496365922
5090.52,5096.861425469107,5076.64,5086.229010764457,5095.98,5127.991802533452,5042.61,5084.783726740434
5119.24,5130.332984622806,5073.97,5121.031946747989,5119.45,5159.446853745979,5059.26,5120.619908256708
5164.17,5168.835713396931,5128.28,5164.703178934546,5170.58,5201.39736683392,5113.65,5162.4548875521905
5123.49,5134.74189367409,5156.36,5130.547303812757,5163.25,5173.593558180083,5094.93,5130.941239102097
5061.12,5093.39367581797,5098.8,5087.736487691005,5132.9,5136.229097660134,5037.41,5089.097417125789
4996.05,5020.64991336613,5073.46,5010.351117627615,5093.75,5063.834329322241,4996.04,5014.959996619612
4992.42,5001.795262750156,5001.44,4990.192224710308,5019.39,5041.6036072685665,4953.7,4995.92606206512
5023.06,5025.650008800832,4956.08,5020.817699498744,5033.49,5063.740326081082,4925.92,5025.5605767623765
5044.55,5039.183205111397,5003.82,5039.035150747392,5051.17,5075.127643706994,4995.4,5043.459956920507
4992.97,4990.301050926248,4992.35,4982.2925119033325,5022.08,5019.014628418031,4975.45,4980.022052058505
5110.59,5073.903428628146,5007.63,5071.450503399034,5112.98,5100.019440845814,4981.29,5062.746869039487
5184.99,5144.847995726507,5115.31,5150.246712270282,5206.69,5176.696187378562,5115.31,5138.882863567044
5187.6,5162.0537723624475,5190.93,5169.1447756846155,5201.67,5203.344278406372,5156.79,5158.689058913638
5172.27,5169.616063885951,5173.17,5174.662734536833,5193.56,5214.337826899873,5151.64,5164.309287429674
5186.41,5193.246428420538,5167.05,5197.615324059618,5201.59,5239.187192020115,5152.04,5185.570808623448
5134.15,5151.089116453602,5199.13,5154.1075735162085,5216.16,5202.075495770838,5123.12,5144.801692754438
5155.59,5169.994780524475,5138.81,5173.521212952512,5155.59,5218.35855442034,5092.39,5164.419756862597
5318.48,5273.314764875085,5165.04,5291.497054158617,5324.36,5325.876458776824,5161.52,5269.980861153077
5320.59,5289.742651061709,5326.12,5308.61780525601,5344.28,5348.544948702172,5308.74,5284.506566344049
5338.23,5332.376563352202,5311.37,5352.808499715958,5378.48,5395.224999860933,5286.05,5322.869704099732
5321.09,5332.368665329996,5338.73,5346.137101441725,5360.28,5395.949869298316,5288.65,5317.5289811906605
5331.57,5346.365773338281,5318.08,5353.358792917296,5331.63,5405.873478123346,5281.69,5326.972964312397
5341.68,5356.43432741628,5320.47,5360.835163402715,5343.75,5412.706991515385,5269.26,5333.834372013881
5289.97,5323.970089783168,5348.34,5324.982680451846,5352.64,5381.880195297939,5266.79,5300.500925480839
5255.29,5303.254483869588,5285.71,5297.007370049706,5314.37,5355.100108052336,5255.07,5279.170841471967
5282.28,5331.867723560954,5228.28,5327.242535653671,5334.49,5378.487461652438,5221.23,5307.965045181203
5277.63,5316.580777893534,5284.89,5309.172373333913,5286.84,5359.912943439625,5242.95,5294.772790627771
5232.12,5286.7977245853945,5276.97,5277.519762294673,5319.04,5327.277629310323,5201.14,5266.749950627076
5236.45,5284.823866412987,5224.95,5272.980491092199,5253.36,5317.548946650641,5215.35,5267.112628695719
5271.47,5306.844847078565,5236.47,5298.070777980447,5299.53,5336.4771520583145,5229.52,5291.114483861867
5224.7,5251.388042572872,5275.75,5236.27730770508,5276.1,5278.158846843769,5213.6,5237.460172327222
5166.56,5193.115657888945,5218.56,5170.865866897653,5225.5,5215.777382090179,5137.41,5176.498602560771
5080.49,5094.593527814277,5163.25,5069.160464977832,5164.52,5114.607046592966,5076.02,5077.6657531402125
5101.89,5112.606974327519,5074.38,5093.503296175938,5123.37,5126.915204302066,5073.82,5099.807569617915
5102.47,5095.257997485696,5104.93,5083.308622362626,5128.03,5108.061287566919,5064.92,5089.296441521763
5090.39,5084.5899705747515,5088.09,5076.906670853644,5123.78,5098.246174149393,5058.57,5084.779369477418
5122.16,5099.645931461617,5106.07,5085.283874418655,5125.82,5104.758901480976,5086.28,5091.422401408949
5147.39,5120.31764508786,5127.19,5101.9232485065895,5171.03,5119.466753040778,5109.76,5108.465963848914
5155.97,5122.695208723146,5156.56,5098.020027120165,5160.43,5118.145485262264,5120.58,5111.855017391419
5239.97,5202.423671271325,5159.8,5181.356284444171,5251.61,5197.506677130391,5157.48,5190.36097853503
5251.76,5212.842845744922,5253.61,5188.3288672036,5260.64,5209.613119551171,5226.22,5201.231837139551
5190.54,5175.329829786138,5248.52,5145.696041396971,5248.52,5174.436192789029,5182.68,5162.916885586629
5224.04,5220.197587602937,5189.38,5189.618714050523,5231.43,5215.625540743697,5186.63,5204.847724668452
5229.66,5218.007504888194,5241.2,5188.854547479266,5252.26,5214.498807450358,5190.88,5204.454417603905
5081.12,5112.162613471652,5186.66,5077.834059984619,5186.66,5112.699172477607,5074.36,5098.947010172352
5085.79,5118.04974743303,5073.78,5081.251888568451,5098.23,5113.927873175591,5048.0,5102.430641953253
5083.1,5094.543420689795,5089.78,5058.671083765027,5092.21,5087.677990322136,5028.51,5081.856030458394
5140.49,5156.275527526881,5052.42,5127.295029539497,5152.77,5148.821876293855,5045.41,5145.744655732911
5088.26,5094.9732802589915,5149.31,5062.2285583166195,5151.22,5088.57598239532,5078.93,5087.531878155275
5069.44,5083.540569427663,5063.15,5051.17243210479,5081.41,5081.59049709674,5006.41,5078.049704904756
5132.71,5121.865139536965,5108.38,5094.745860297227,5159.41,5123.69637665271,5070.32,5120.998093055496
5142.1,5133.934482748335,5128.61,5112.492556956971,5154.05,5140.079705426115,5114.94,5138.096890211922
5083.08,5079.438776911961,5130.75,5060.07220694433,5130.75,5091.572727387438,5075.13,5086.28685432599
5151.46,5146.699628768397,5073.26,5126.97376608862,5153.81,5154.916811442509,5067.68,5140.017289808611
5094.77,5081.560625893884,5140.9,5056.483771923077,5140.9,5090.138002919248,5090.63,5072.098708863925
5113.49,5108.753904773392,5083.73,5085.348386192258,5120.82,5118.676081334584,5047.62,5099.354157954713
5108.99,5114.280448704585,5080.22,5091.192790163914,5114.0,5124.0817899414615,5067.86,5105.50648517782
5144.04,5143.045563478683,5122.78,5121.898192189927,5160.54,5152.534743199526,5122.3,5135.140359101104
5151.75,5145.756527231642,5150.39,5126.74577267187,5171.21,5156.359761194302,5137.88,5139.432903945355
5089.23,5087.99557185444,5145.43,5068.309246374725,5145.43,5103.116325401778,5080.0,5085.961469302567
4925.3,4923.498154881935,5067.31,4900.174594400087,5067.31,4958.044387322342,4859.6,4916.806367610295
4751.31,4742.571039061972,4924.28,4723.769222149395,4940.86,4804.591668613399,4749.03,4721.956485915555
4760.48,4738.550427856477,4714.29,4735.700273098005,4785.66,4810.766114836867,4663.9,4717.754930975451
4850.27,4784.352353381635,4845.76,4785.977355451478,4857.97,4839.116447889999,4800.01,4761.045876892087
4811.17,4753.679801507117,4825.7,4756.97413154825,4825.7,4805.968293856152,4761.04,4728.871590475966
4933.74,4880.587293911168,4794.82,4888.947084500552,4938.82,4930.7301788828745,4761.46,4862.862938859092
4934.46,4897.661134733551,4909.23,4896.331221285558,4957.03,4946.435248159305,4890.85,4880.702983347333
4978.85,4957.348560149931,4927.74,4950.410741571915,4979.29,5003.159153955746,4919.66,4940.019301861045
4948.67,4949.906033717242,4946.17,4941.380259142886,4997.14,4998.622191969247,4921.94,4931.767670948025
4921.56,4919.859885636632,4943.04,4908.891974506227,4944.35,4969.392014690877,4891.8,4900.512767028176
4985.56,4989.271071145237,4890.26,4984.885418852013,5002.89,5036.463327257907,4884.04,4971.614200450898
5043.15,5036.364776466138,4977.82,5037.288280733255,5043.76,5081.333293784124,4941.24,5021.791800563549
5015.34,5013.441738084118,5037.08,5011.6388918071125,5059.79,5057.022750019805,5009.98,4997.5595230767585
4973.35,4980.0788091046825,4998.07,4978.147436136752,5016.26,5024.898709074363,4962.98,4963.003351648687
4945.98,4954.151026438827,4958.76,4952.97126309208,4993.74,5000.385274981209,4921.28,4937.642799350468
4941.07,4956.618834688488,4935.92,4955.773768534114,4973.38,4999.507128036714,4931.37,4944.660299591743
4837.4,4863.152733582828,4935.0,4863.835034604342,4967.56,4915.945819129574,4823.39,4850.149598772982
4894.24,4906.9133440574,4838.47,4910.837043342879,4909.54,4957.239745690032,4818.9,4896.785256673201
4862.14,4854.060944742784,4886.56,4857.326211181257,4893.47,4903.928288107724,4839.57,4846.253693017938
4769.27,4753.8934365339765,4817.49,4759.055089642954,4835.15,4815.6021899143325,4720.83,4738.8092258664
4835.88,4803.300614982105,4777.73,4814.380671676881,4843.82,4860.643190115437,4764.01,4793.495696116543
4888.39,4849.691525802526,4844.59,4865.704969246837,4906.2,4902.811477378731,4842.75,4846.018528969895
4898.16,4853.656591901037,4890.52,4864.716436426825,4899.77,4899.763944524376,4865.76,4842.05623903126
4801.61,4753.017662399627,4892.2,4765.7820613125195,4892.2,4809.045333283427,4798.7,4737.101435073909
4827.04,4786.546708796916,4794.97,4796.538243690446,4863.47,4838.639120321002,4793.59,4769.779754297089
4813.27,4745.4579603916,4847.03,4753.652163832824,4849.16,4796.920481894586,4787.2,4731.396624393454
4805.61,4735.329976933401,4803.09,4742.5794562815945,4821.76,4785.702761782932,4740.75,4721.235743350871
4869.46,4796.546770190547,4804.69,4804.349349965002,4906.4,4843.100096354232,4763.3,4781.41467178686
4869.41,4798.203283241238,4865.82,4802.892005681796,4892.71,4843.819482269213,4845.62,4783.55870150008
4843.06,4773.025035830224,4875.07,4775.110230600466,4886.55,4820.140196381289,4828.7,4759.617079087383
4933.73,4884.259226857674,4841.06,4891.828869471592,4944.45,4928.477756776656,4837.79,4876.156692009827
4992.83,4961.885132314235,4932.98,4975.677464274717,5005.96,5009.502936573357,4915.61,4960.110897935156
4972.13,4958.1658112344985,4986.8,4970.532326475572,5013.98,5009.806749826381,4955.89,4956.60612061315
4970.01,4977.751870496974,4952.49,4989.791422646998,4970.15,5030.306767762269,4929.95,4971.839624734554
5013.52,5019.442292823392,4967.98,5035.695565358854,5042.8,5075.20245461975,4962.37,5010.960541790551
4991.66,5000.142375021133,5006.77,5016.999716560173,5029.72,5060.8345814488075,4964.96,4991.269942068663
4917.16,4933.00556095605,4989.83,4947.791149030138,5000.98,4997.063566006806,4907.32,4922.065199605633
4867.32,4882.059045032569,4903.85,4896.395992142589,4903.85,4946.285756893851,4843.12,4870.449702697864
4807.7,4816.463510579447,4866.79,4829.817639574885,4879.53,4878.088102713655,4806.14,4804.41576616218
4855.94,4873.012184286053,4797.11,4889.180518669293,4857.96,4926.1459541556815,4786.09,4866.266986512563
4821.77,4857.464733361638,4770.73,4874.186065266527,4830.85,4908.316803309226,4765.23,4852.281197471129
4853.2,4859.867026869729,4848.22,4875.233928191581,4877.34,4906.175748931771,4837.56,4857.707271473386
4849.43,4847.793799385145,4845.64,4863.214659335695,4897.06,4893.699952109269,4838.54,4847.011344163458
4877.37,4864.124837692925,4870.85,4880.449407141462,4922.56,4909.917861290246,4852.2,4866.686949774381
4883.83,4874.2805289667285,4869.08,4892.417636562008,4901.31,4920.903184500146,4846.63,4882.157924730131
4833.93,4826.979791883435,4846.02,4839.047875327,4868.07,4872.284185932423,4799.88,4822.06524447089
4866.38,4855.75591209831,4843.95,4865.06321959537,4876.07,4895.027747890642,4843.95,4847.839864910378
4929.94,4897.66851485266,4915.73,4909.712103097958,4937.09,4934.356223350531,4891.63,4894.085419615913
4936.19,4912.299277298187,4941.29,4926.754870083485,4983.73,4951.3411728673545,4930.71,4913.487158430832
4883.84,4867.358236193387,4920.66,4880.377770573586,4925.49,4911.51826647098,4840.77,4867.688863958359
4940.11,4927.4194581688835,4880.14,4942.4664664153015,4953.38,4969.219414295303,4869.83,4927.95275902315
4913.61,4905.309916073989,4934.26,4921.903791975262,4953.92,4950.798565269774,4903.25,4911.702731071186
4932.11,4942.539897991128,4896.56,4960.81786379629,4939.82,4987.139434941546,4881.01,4949.924898552837
4874.78,4880.366408240972,4922.51,4898.697559776343,4922.51,4930.7142505559,4844.94,4888.871313643882
4922.72,4937.427158633172,4869.39,4955.596296385848,4928.14,4982.827036253371,4868.81,4946.211228915676
4910.18,4913.753808141666,4926.77,4930.577516523763,4944.02,4958.689745684911,4898.37,4924.779133690323
4928.02,4936.890740502095,4914.74,4954.762695455855,4946.18,4981.196471699433,4893.85,4948.558640287885
4959.73,4975.389196575683,4934.87,4995.294484202099,4989.89,5020.692847392836,4934.87,4989.854344207801
4979.52,5004.9011276133715,4940.9,5024.514820018096,4981.65,5052.410846560493,4930.11,5019.381465187204
4963.1,4986.595454278539,4983.24,5007.760671971501,5002.57,5041.602432228052,4953.48,5002.574860962406
4898.16,4913.388427507849,4949.23,4929.082864226906,4949.23,4971.245575822454,4884.94,4924.510008621718
4864.14,4872.391477426196,4882.59,4881.513721864202,4898.66,4926.407335390127,4846.28,4877.197308941766
4908.77,4916.261235978127,4861.27,4924.31870860882,4908.77,4963.367451413034,4855.76,4919.7963471224975
4890.69,4899.999078782036,4878.13,4909.695780841987,4908.21,4944.872966515264,4858.25,4906.76954040886
4839.85,4832.106644100741,4886.19,4844.445619468568,4911.23,4882.659532555245,4797.9,4838.576323739402
4821.11,4794.7133932327715,4835.81,4808.424084580847,4858.71,4846.753036193663,4804.37,4801.833831515901
4868.74,4837.274022235262,4841.09,4850.854566230109,4873.94,4881.990673382387,4834.74,4848.88586434369
4842.35,4812.799216703599,4858.9,4827.006195754581,4889.68,4856.589300340451,4841.74,4830.0087912577565
4848.18,4823.73655322416,4841.15,4827.199212908535,4866.08,4855.967051108,4827.69,4828.026621050082
4846.74,4809.71911751938,4858.25,4809.681545999254,4870.79,4837.8128057192025,4818.54,4810.890787158024
4821.19,4774.34879614211,4832.8,4772.038537476609,4832.8,4805.318627011697,4754.0,4773.982718939933
4898.65,4857.303147595868,4814.77,4853.873406334628,4898.65,4883.149263329673,4809.11,4854.9223396325015
4888.38,4839.221208398256,4902.93,4836.532045698187,4909.08,4867.931313626526,4875.35,4840.668963379998
4882.38,4842.952052821865,4894.41,4840.949029522586,4906.33,4874.026379335238,4863.4,4846.367110011135
4883.32,4859.849029737163,4880.9,4857.04666016231,4915.37,4889.905746287985,4876.5,4863.678259662171
4885.75,4872.378011945715,4883.25,4866.566421645355,4891.52,4901.082078861518,4864.52,4878.38850775733
4837.62,4818.864638805573,4871.42,4810.258006626834,4871.42,4850.866069674546,4830.41,4825.890793243714
4890.06,4889.408737335404,4832.06,4878.6977440839055,4892.81,4914.92810348397,4829.57,4892.3874967426045
4912.4,4913.912415964637,4895.39,4903.584002772504,4919.0,4936.912197589658,4893.27,4916.712814610256
4913.35,4922.302834537712,4905.76,4915.218273654196,4927.52,4947.21991410287,4896.88,4926.36799683345
4916.66,4927.423989820969,4914.03,4922.407709242966,4935.49,4955.923700313804,4899.61,4932.980271614282
4896.44,4896.325333174696,4917.61,4893.414460051721,4921.33,4931.452437119114,4891.73,4905.114549391734
4860.13,4852.589323097157,4886.95,4847.946095665972,4886.95,4891.550672448212,4850.81,4860.642785197894
4851.42,4863.63386555847,4820.01,4854.555961626025,4858.53,4899.7367880324855,4818.71,4865.904180289124
4832.03,4826.023354341974,4857.18,4817.950452691309,4871.25,4864.002500386304,4810.22,4828.953308369646
4843.85,4845.226165313841,4831.89,4836.264542058648,4844.52,4878.72027451045,4823.93,4849.067075223217
4856.16,4856.448219061108,4839.91,4848.454676435383,4866.85,4886.438593409899,4830.32,4860.125039827816
4901.02,4905.357692634541,4856.98,4899.985074872413,4901.02,4933.821318796324,4853.35,4911.052217333929
4892.62,4901.193622271616,4909.43,4900.4423571230545,4943.9,4935.432168781631,4888.69,4911.423738083398
4922.1,4925.599158264267,4930.83,4926.820159107372,4934.1,4964.5533284122685,4895.22,4937.725074728584
4995.93,5003.749052177616,4934.41,5006.73806968069,4995.93,5046.794152901236,4915.79,5014.170947549421
5078.69,5080.812255921007,5000.69,5083.513039187417,5114.5,5128.358676294087,4999.41,5078.088792117102
5055.12,5081.651776838678,5046.27,5077.388695571672,5060.06,5130.975491519854,5035.81,5067.2927759126105
5083.8,5113.370751917486,5090.02,5103.608845289975,5143.84,5161.240748931432,5079.73,5088.514953584451
5049.7,5093.731996015051,5066.35,5074.555618285118,5075.21,5138.439218307831,5038.86,5063.893854450924
5005.9,5068.753918150415,5036.28,5043.974187679463,5060.37,5107.529385894028,5003.78,5036.624692797116
5034.73,5102.6720392481375,5006.61,5076.528927215437,5034.73,5129.068139644724,4987.22,5069.4387279477505
4954.76,5024.933748819871,5021.34,4996.158527434897,5022.11,5050.034914640197,4954.76,4995.441124322453
4880.42,4962.579381413641,4934.97,4932.7057573441,4971.67,4985.015745051693,4872.68,4935.074320957619
4913.49,4987.560178269528,4876.51,4962.640645254867,4917.8,5000.050518994636,4872.95,4964.6005448534615
4914.45,4961.897303036977,4924.58,4940.757422581672,4936.67,4972.564624079996,4903.17,4947.1772597571735
4948.74,4993.791588313584,4924.29,4978.487871761308,4948.74,5003.394684298872,4906.75,4984.989331896188
4921.34,4950.31077498631,4953.06,4935.747137706866,4964.91,4964.534527764036,4905.98,4945.9661969484505
4919.32,4948.167691977475,4918.15,4933.888991360349,4939.69,4964.495881987115,4894.16,4946.17829313347
4955.96,4975.780731315818,4923.69,4956.26499071384,4959.15,4985.045121064555,4913.6,4962.3992299470665
4883.48,4891.601021138304,4958.65,4869.565182784194,4958.65,4906.37106677729,4883.48,4877.4660495459875
4921.51,4939.832947987157,4882.16,4916.5835137787035,4940.18,4951.779332419201,4878.65,4924.367884954536
4940.37,4944.312291859418,4937.46,4918.983403573431,4950.36,4952.933352764487,4923.14,4932.001553448122
4917.77,4914.9694561823835,4957.98,4888.277094755419,4961.45,4926.107047258646,4874.53,4905.153892913668
4868.12,4849.606848646425,4907.93,4817.689426137473,4916.28,4863.58079140166,4851.98,4837.122920214139
4818.23,4782.034995981192,4842.16,4749.672383293388,4857.56,4803.295076685689,4786.43,4766.3303398463395
4822.37,4776.188646888579,4824.32,4743.664756762012,4856.65,4797.335140636144,4818.19,4759.8637770669375
4844.04,4803.200141781594,4812.23,4774.742332132528,4844.39,4822.97191346115,4780.82,4790.254020587797
4797.77,4754.99475746638,4840.01,4728.1749358446705,4850.88,4779.6942573921215,4791.89,4745.266305191003
4845.58,4814.602037378745,4818.89,4785.012787848566,4852.73,4831.395648349464,4810.92,4806.42472072192
4765.92,4723.6062045624485,4853.03,4696.320498814921,4853.06,4751.412598929058,4765.24,4718.743773370383
4726.73,4691.789475274381,4743.91,4661.035797196789,4764.05,4723.984933799914,4723.94,4684.670745517856
4767.28,4753.296682692282,4728.76,4722.774859952249,4775.24,4777.1685730862555,4726.71,4747.690737594751
4813.35,4809.267376544403,4766.78,4780.087352796472,4826.3,4826.374308550881,4747.92,4804.200850571679
4780.38,4772.0221164859495,4815.81,4742.907714985029,4828.75,4793.170013692452,4755.93,4767.434521556388
4823.51,4828.937854011432,4778.26,4797.806197987692,4845.0,4845.527599497109,4777.57,4820.9296648361715
4779.31,4772.97920140628,4808.77,4740.430100161865,4818.31,4793.509861521254,4762.56,4765.72288612006
4786.74,4796.470508959746,4753.94,4760.494816253047,4801.1,4814.150753758824,4746.45,4785.944431155867
4678.45,4669.683299549606,4761.95,4637.642377221049,4781.39,4700.449655655043,4678.25,4656.500014884221
4712.31,4692.514410132191,4697.1,4661.805922686892,4718.99,4721.328297756711,4648.13,4677.600189191628
4619.88,4590.477271748929,4708.1,4568.861945055992,4708.44,4630.771319866533,4616.03,4577.082744996395
4563.77,4545.984087345889,4641.81,4527.049118299381,4660.52,4592.013130736344,4559.83,4530.146435948107
4634.09,4607.899661354527,4638.58,4584.841692735919,4672.65,4639.85177184239,4615.01,4592.842324549525
4608.77,4584.7139166273555,4626.44,4563.563041242254,4626.44,4618.966079497634,4522.47,4569.806500224876
4652.06,4645.996613053393,4608.15,4618.411132518146,4659.46,4669.861000981866,4595.28,4627.301995417282
4639.86,4626.080908470684,4657.21,4596.328156521866,4657.21,4647.439008444445,4608.09,4606.784797270393
4601.4,4603.665933025268,4617.87,4568.83318679547,4662.6,4624.772476919953,4595.88,4580.124755355195
4551.69,4553.240945518871,4579.42,4519.055228666281,4593.63,4576.708880835411,4530.06,4526.471725368496
4600.1,4608.77452915846,4553.81,4570.303485250082,4601.45,4622.943722199237,4550.54,4579.514994842612
4617.99,4609.205424533846,4619.85,4574.280674955238,4643.1,4619.717844306793,4607.22,4583.459471264801
4629.17,4628.246779215718,4616.9,4595.823462003877,4650.16,4635.3176821771485,4606.95,4603.468151186822
4651.24,4659.4657188559,4604.57,4625.234612764689,4651.34,4663.57362030895,4598.1,4633.812643446017
4634.31,4621.251462105922,4646.05,4588.43388446688,4646.67,4628.8635763112325,4613.3,4599.07526113842
4574.15,4553.3095676790135,4601.92,4521.802808421553,4602.07,4568.121815315582,4550.8,4530.584597190755
4623.05,4610.507562391498,4582.01,4572.41449702245,4625.3,4616.922292362767,4579.29,4583.353999868867
4529.32,4495.637950585769,4592.07,4469.043318201495,4610.88,4517.242299918096,4488.48,4467.856285426309
4573.42,4528.699330487898,4564.63,4504.19355552043,4611.86,4549.18434014385,4561.9,4501.773733358224
4581.65,4538.7580444070845,4563.74,4519.348511106919,4581.65,4558.3738097674395,4530.68,4516.206141858747
4619.69,4590.867511731325,4597.85,4569.673782978023,4623.43,4604.847706595935,4583.92,4570.945155574665
4578.6,4552.154255348913,4594.02,4534.807112471172,4594.02,4571.240372841036,4558.44,4536.381166704125
4551.63,4515.664098003576,4595.02,4496.332834769387,4599.4,4540.571032052531,4544.43,4499.263821706495
4496.43,4472.071158656146,4513.36,4451.616589575487,4539.39,4501.389958897183,4481.49,4451.766194657973
4352.78,4326.406899321155,4462.52,4312.545527942829,4462.52,4378.782967613975,4338.3,4295.617779376589
4265.39,4237.195501620117,4361.64,4229.402482085347,4383.65,4307.860329200651,4252.54,4198.104411720964
4226.35,4181.832049147373,4280.98,4184.708518066265,4304.48,4272.116314830211,4068.19,4139.5633015596295
4292.84,4203.923723585476,4326.2,4210.270919731415,4335.67,4288.381943712082,4288.51,4170.62379465611
4306.52,4251.369085108166,4231.2,4266.015828293764,4316.04,4335.987600396116,4176.45,4227.363048405736
4174.76,4145.286735122376,4248.15,4153.6424719083025,4280.36,4238.828918495396,4174.76,4111.345217729399
3983.81,3999.3588631118178,4125.49,3986.2458838495354,4163.42,4097.59701281731,3983.81,3934.940207075893
4156.08,4117.380821583575,4053.1,4121.829034831053,4168.59,4218.2048685052005,3942.86,4083.930600383751
4237.7,4177.505357212487,4237.67,4182.835409651775,4302.74,4266.018833760442,4217.8,4150.953699701353
4265.9,4231.807367291174,4218.47,4239.612959987775,4283.37,4311.914610655809,4194.94,4204.3171639297125
4258.75,4222.92921347799,4280.14,4232.4007250573295,4287.82,4301.015326523581,4223.02,4196.343564843519
4255.29,4231.12865528463,4252.57,4236.190079277094,4283.33,4302.857528930185,4236.69,4206.637086098485
4276.52,4241.658725758533,4269.61,4240.2859291923305,4287.58,4305.454107347092,4241.96,4214.817078481339
4251.31,4222.5424046036005,4249.53,4225.920271269626,4273.96,4285.1456210150645,4216.85,4195.053238294352
4174.57,4141.601271957502,4249.07,4150.250357354711,4254.84,4212.43169861743,4173.93,4110.219634168658
4148.47,4122.774782322342,4128.84,4135.359019156339,4174.12,4193.583200124655,4091.3,4091.60457356023
4134.14,4104.383007597897,4155.42,4122.735373433493,4177.21,4175.196035593875,4124.72,4082.24760754401
4254.1,4224.963795788335,4162.17,4244.42886752063,4254.1,4282.785813261828,4160.73,4217.854539344931
4222.6,4190.761151677569,4234.72,4204.484809531088,4247.36,4248.078380465253,4214.54,4181.9340960512245
4276.16,4264.819546399238,4198.82,4271.660219858907,4290.67,4313.996913007541,4190.08,4255.559281843491
4263.84,4246.703878762537,4258.83,4242.546691186154,4277.52,4291.038122795084,4236.73,4229.081796433163
4209.1,4196.563608482846,4240.02,4191.670737488569,4278.11,4245.502495817407,4205.74,4172.711179950128
4230.77,4206.833626864963,4213.21,4202.602374113185,4237.81,4253.584489756091,4175.53,4180.45429263828
4100.07,4067.100070089252,4203.79,4067.450661810353,4203.79,4130.68008266266,4089.09,4026.328031860478
4179.97,4138.6433331659155,4102.97,4147.6053098661205,4179.97,4198.939687589982,4075.8,4112.935939117047
4139.74,4097.916145859087,4154.41,4116.870566641873,4194.04,4164.424635037641,4139.74,4080.2559538815376
4191.57,4139.219888786888,4172.64,4152.453084660635,4217.06,4190.66740236798,4155.55,4120.49835354485
4188.75,4146.496556753269,4162.37,4162.959435837982,4211.32,4194.908123584771,4152.97,4132.608533090298
4166.38,4116.366508371201,4152.93,4135.036201204895,4171.74,4167.117240376592,4119.99,4104.745373963641
4134.9,4075.473851025387,4161.93,4097.742825768506,4186.94,4131.433218352419,4115.42,4067.2468325295513
4070.79,4006.1989387687627,4130.54,4028.6112060166242,4136.17,4070.977383881963,4060.5,3994.1319591292786
3995.83,3947.3480563272547,4048.73,3969.1501990738143,4086.44,4020.756674532933,3978.37,3932.195772150094
4013.25,3967.9598226702037,3967.2,3992.2504013797734,4037.08,4037.954502222965,3953.72,3960.6995770948256
3814.91,3809.1252876187614,3933.45,3822.219193940398,3958.21,3892.6444878792877,3814.91,3779.724053847637
3784.12,3771.5556907468026,3822.49,3789.6327814553365,3871.85,3861.6053357288615,3773.9,3750.5137315204197
3895.54,3864.1604542668983,3758.08,3887.2714803455856,3895.73,3944.2260247041527,3757.09,3863.2705352940293
3921.11,3887.0160357707414,3883.42,3890.8430749440104,3943.43,3950.1817828318685,3873.58,3879.39381815416
4016.24,3978.520319950963,3939.62,3974.916683704462,4017.43,4029.9167028636316,3898.57,3975.0535548610696
4010.21,3985.460027215888,3995.35,3973.957815936969,4039.7,4032.330562480535,3988.93,3976.7220021316266
3908.81,3910.3409669548055,3928.85,3896.8171501714432,3947.24,3959.859677629314,3902.05,3888.9669172314293
3877.44,3888.282762004244,3883.95,3878.732349637996,3914.11,3936.854734436649,3854.94,3863.325449623504
3919.87,3929.9892393266186,3820.63,3929.728518046231,3932.68,3977.2562830063803,3808.57,3910.280277039609
3976.42,3973.4162554698555,3917.93,3977.2911833232324,4033.3,4019.5219680723194,3916.52,3955.255176956945
3958.74,3949.219887589865,3949.95,3956.335479322726,3985.93,3996.2606702074104,3935.59,3928.269237399146
3988.6,3954.7876048171443,3983.82,3962.5005638075445,4003.85,3998.681971747572,3957.14,3939.1850783365626
3956.54,3912.007902805292,4015.0,3917.744873161712,4018.03,3961.6103574358453,3947.75,3899.641122303677
4005.89,3970.6290952239824,3961.76,3970.909246009073,4005.89,4008.9481701626046,3955.1,3963.224226547931
3991.91,3948.3896889279117,4015.01,3949.5936751269,4017.34,3988.2615819050266,3964.75,3940.908119549608
3999.6,3976.5908072311004,3938.3,3976.5654258701957,3999.6,4008.724912464852,3933.75,3965.2204937830074
4077.6,4051.565631480109,4020.82,4050.576817219964,4077.6,4076.9253084062484,4020.82,4041.8575735573477
4053.98,4015.358961341627,4080.97,4022.1108675758114,4080.97,4051.092695495495,4029.08,4007.282563374474
3959.15,3921.477113526121,4052.87,3927.873610242566,4055.78,3966.2084868091265,3959.15,3900.4542644752482
3983.18,3956.4571301831074,3959.77,3960.508147474402,3983.62,3990.391734517709,3946.81,3934.717602197718
3993.04,3966.0122480798886,3987.68,3971.5355154257095,4015.75,3999.627487681564,3938.24,3946.3730244546205
4001.3,3967.0818474476982,4022.71,3974.9206994975975,4051.14,4003.557606522358,3983.38,3949.407601835335
4029.02,3997.2902286729486,4020.86,4005.041026372046,4040.82,4029.5988544044626,4003.38,3981.444954853454
4091.52,4074.1873149984845,4031.76,4080.3495836755824,4096.2,4103.646904746242,4020.38,4060.6157189939167
4083.18,4054.2626118494927,4086.62,4068.6952985990683,4094.9,4091.6868854295735,4058.85,4043.9559801637
4089.57,4075.8947120283,4064.0,4087.5580618963195,4091.15,4106.005341618878,4057.91,4058.5430074238766
4166.08,4151.93531610979,4090.53,4162.1879501598805,4166.62,4179.776278239325,4063.91,4132.107383766117
4179.13,4161.633116309358,4165.69,4171.460351739923,4198.09,4192.26108370577,4155.17,4138.256186732373
4219.81,4199.080229099251,4187.15,4212.411920410588,4224.81,4229.997118148412,4158.03,4175.90806537817
4175.67,4145.010692772518,4211.72,4165.892843182076,4227.45,4185.913188446358,4160.88,4123.9812804743815
4238.99,4220.233139439024,4145.65,4237.5242293902265,4241.35,4251.346755656305,4140.22,4201.218188764725
4189.35,4165.567043484258,4194.46,4188.943819636691,4218.23,4205.1716455186315,4156.71,4149.266669985583
4222.31,4206.536933129176,4143.22,4231.617321541536,4224.09,4243.501271261175,4102.93,4193.476806166299
4278.22,4258.606198225634,4228.29,4282.487057236845,4348.42,4297.159888035486,4228.29,4244.325104396352
4250.06,4217.621548342497,4282.08,4246.524852454165,4302.92,4267.100001593829,4241.08,4206.703918823856
4309.04,4300.120986664818,4219.23,4322.1072609412295,4318.77,4337.122428412998,4218.68,4288.22722052831
4330.43,4313.929577946371,4322.83,4336.499086290176,4368.36,4354.480192173058,4297.89,4304.043572655437
4325.57,4311.5960360741965,4327.92,4334.982930068785,4357.34,4353.887971753755,4287.14,4301.947344680592
4270.62,4247.897515921699,4331.9,4277.319508721167,4333.18,4296.863320865634,4269.25,4240.259393538497
4343.88,4342.18714768696,4277.96,4362.08124306672,4343.88,4373.325948904631,4260.9,4330.192661404669
4394.77,4400.293803380354,4354.55,4410.682703348792,4400.69,4423.31687255305,4346.12,4381.845451357659
4444.26,4453.712659205581,4414.33,4463.092430940879,4472.69,4477.43009944641,4414.33,4430.736377332788
4490.52,4504.4145953922525,4442.58,4507.274446105985,4497.9,4527.4335568603165,4407.35,4474.515593016749
4421.36,4432.7994732611,4472.73,4435.32788490752,4503.13,4469.509020778183,4414.0,4402.860274571878
4485.01,4507.815665019855,4418.07,4498.983517322539,4515.0,4532.567439428176,4418.07,4470.013643238165
4466.72,4465.440574801297,4489.52,4461.1710682379,4500.99,4497.184880575998,4449.29,4431.412009409782
4496.03,4513.981042419246,4447.22,4505.215510102671,4496.03,4535.835488219083,4427.82,4474.611837267475
4489.54,4497.703348130292,4505.46,4489.917929088998,4530.32,4522.381404888242,4439.45,4457.227895693121
4423.97,4432.459469878959,4475.48,4429.940115477934,4484.36,4466.838023128692,4393.42,4394.8449611000515
4443.47,4460.981947052853,4425.28,4451.720482030165,4457.34,4483.805085917684,4391.19,4421.311489275443
4428.78,4423.398237321544,4468.06,4420.223709672942,4479.49,4450.103618361569,4426.89,4390.707355402441
4354.62,4355.411155849561,4406.15,4351.089628628494,4406.15,4383.1381900009,4330.58,4321.608725109318
4313.62,4313.453625001683,4352.65,4310.157296902367,4370.34,4338.629940113058,4296.62,4277.725191422573
4321.46,4317.099274366096,4313.36,4312.5691045347885,4341.47,4334.9941036411155,4284.94,4282.971079783659
4322.07,4309.89330017224,4308.82,4307.424484902499,4352.1,4325.47836443467,4292.76,4279.185515306742
4248.53,4233.953492980695,4299.47,4236.625339436345,4344.86,4261.447795599022,4248.53,4203.834020354168
4292.59,4273.350834614266,4262.15,4270.03226913828,4300.78,4296.368498248978,4217.51,4246.108570595039
4269.34,4234.080314501185,4288.44,4234.896799574748,4288.44,4262.0421702592685,4238.82,4213.814779832977
4283.8,4254.7199828734,4291.28,4250.1547408239185,4303.37,4278.722457882696,4269.97,4238.293050447953
4236.06,4222.942873172132,4270.36,4216.880202753755,4283.15,4250.236603490226,4236.05,4207.886146803799
4238.23,4234.372800274322,4251.79,4222.1082472499,4275.47,4259.832898251943,4207.31,4218.766488863119
4212.64,4196.941354053066,4233.93,4180.899926901963,4234.84,4217.85392307154,4201.92,4172.93340036392
4245.98,4242.519610178891,4220.09,4218.870999815472,4259.99,4249.4899305232975,4214.53,4215.7482512187125
4225.04,4214.202546320215,4236.15,4193.756877251836,4242.1,4222.439061719133,4217.28,4191.274273789356
4225.67,4216.6959907731,4242.27,4192.232948527602,4267.92,4221.974267915623,4223.03,4194.038957172697
4170.1,4164.13905517442,4226.42,4137.498206251515,4243.51,4179.763222233608,4160.87,4136.508091256988
4188.68,4199.133314166531,4160.65,4163.737463372643,4196.57,4208.434406627224,4129.45,4167.99745437351
4107.02,4122.575001203285,4144.38,4088.8231015049996,4144.38,4144.279675177213,4071.43,4083.134951341639
4066.98,4092.2129322344695,4114.83,4057.142315142951,4150.98,4120.519964294075,4058.18,4047.2501991582208
4101.54,4129.839498446923,4089.44,4090.050703558315,4108.16,4148.098426289245,4064.66,4089.3983246942444
4156.91,4192.545781006489,4109.63,4150.874748416494,4159.48,4195.780330046664,4097.86,4159.889420907809
4148.07,4178.492221560804,4142.11,4140.11196941616,4155.73,4178.106937348407,4135.08,4148.9489742498345
4156.29,4185.52502190713,4143.67,4147.281908976963,4161.81,4180.049409878915,4131.43,4157.002413773047
4109.74,4124.855587483953,4149.21,4093.1298453307304,4160.79,4129.762180180759,4092.55,4096.846745432274
4193.54,4203.637711601033,4130.74,4165.625792938536,4193.81,4195.817670223014,4116.06,4177.938614020795
4191.15,4189.590431730379,4185.42,4159.954780551153,4202.47,4182.723475689749,4175.05,4168.31867436611
4185.68,4192.173473418771,4180.0,4169.6005213511235,4219.92,4186.073124516385,4174.3,4173.114354933858
4177.84,4174.88619178319,4190.53,4161.307260816825,4208.8,4172.861687051785,4170.52,4160.58235388207
4216.96,4214.729253768254,4182.57,4200.322310403965,4222.79,4208.726600035161,4155.17,4201.950401183522
4180.1,4155.6077669593915,4205.79,4152.07702506471,4211.91,4160.349398693307,4173.54,4148.153389285119
4151.07,4133.47181180663,4174.55,4129.799606955621,4185.66,4140.27030638172,4151.07,4122.163404713351
4181.4,4193.809464559306,4135.16,4173.468248307896,4183.65,4183.797462719991,4134.2,4172.966976920097
4161.08,4146.674003301337,4175.53,4134.344966618656,4187.39,4144.737614577721,4147.41,4128.376669541278
4082.42,4056.5107644488103,4168.58,4052.7094624585798,4174.16,4072.6108207571597,4079.09,4032.7640937987712
4116.24,4098.412102810836,4093.29,4081.4144813360354,4119.62,4101.747647594657,4058.75,4069.2455347057253
4107.55,4074.5763896989165,4127.81,4062.2556504512936,4139.79,4082.003964069927,4102.68,4052.8305715331444
4089.52,4092.971919220803,4063.88,4073.245580847237,4092.95,4093.542209121923,4059.6,4069.32454213658
4075.79,4070.6354060943413,4088.53,4056.992500150637,4093.14,4081.849250402186,4048.52,4053.2905831682674
4078.84,4094.983454843402,4057.14,4076.4458441223005,4112.85,4105.049185040228,4046.62,4079.4977260394417
4043.74,4059.4480518544674,4066.19,4045.1863274143843,4090.89,4081.28529623526,4041.13,4046.8151136306424
4023.61,4039.2096936433136,4054.84,4024.657916757714,4056.18,4069.0456825561714,4004.91,4025.5192469519225
4015.43,4042.0620449413223,4010.41,4018.91449055217,4017.0,4062.9200005140547,3982.74,4014.938658957111
4052.28,4078.1167752591864,4024.47,4049.973606228431,4054.0,4086.047800720512,4009.58,4048.3116412442787
4054.98,4079.1309589957864,4032.72,4051.4623643772975,4067.54,4083.811045821154,4028.37,4049.0823001014487
4037.68,4044.0414705720054,4059.17,4023.8055970500377,4067.76,4058.7159666733273,4036.02,4018.9586185533035
4093.79,4108.282817906386,4050.59,4081.723373553218,4099.01,4112.04700826421,4042.25,4086.949542879527
4111.11,4110.626847316244,4112.01,4086.777054902235,4128.11,4115.034614052326,4097.14,4093.626663986414
4065.36,4081.204384038288,4058.04,4060.5855986735965,4089.06,4089.3125202299625,4047.92,4060.807823030983
4027.12,4021.669998986604,4078.65,4006.9550699681804,4088.81,4044.2435148965956,3998.86,3996.551457573436
3932.68,3923.5372025639153,4013.58,3911.921195864306,4019.41,3965.0562943046416,3932.68,3887.67665475966
3928.0,3931.2906650675145,3928.42,3917.761843126254,3953.65,3969.7298221109354,3910.31,3897.923848056387
3932.84,3938.695060884803,3945.65,3922.944159397335,3957.55,3973.1892066656196,3921.69,3909.495969696817
3903.73,3924.430714879283,3921.32,3904.704297432155,3924.39,3958.1618746459344,3884.23,3895.8991945343123
3869.34,3905.4313103481404,3875.18,3880.978991584986,3900.27,3936.8841104495114,3860.23,3875.2794084743664
3856.02,3887.262881333594,3865.1,3857.7548178586694,3888.4,3917.460690745009,3829.69,3855.341085534567
3836.68,3879.6961876337796,3829.6,3846.894882572788,3893.32,3907.6558915719984,3827.95,3848.120716253482
3892.29,3924.8702851315184,3844.07,3889.229179499359,3893.03,3942.836604575798,3827.93,3898.4381332470125
3828.71,3861.614248436168,3879.44,3831.901724587163,3879.44,3891.9980850362617,3828.05,3836.196361160166
3827.14,3855.975190057495,3864.32,3824.6591768956273,3873.18,3888.103086850845,3808.65,3830.6751322229384
3804.89,3845.637196894105,3833.35,3813.4202673252553,3848.6,3878.649298391524,3801.28,3819.074688372908
3720.94,3780.87535694883,3806.56,3742.1231311248152,3807.46,3822.4428021016306,3715.71,3741.0666086062165
3727.69,3788.8338443403272,3732.02,3753.473867579852,3739.81,3829.15606968102,3706.06,3751.6639848791174
3784.31,3830.805876474877,3722.87,3800.0308357597273,3784.31,3864.7829716801825,3661.53,3802.55053731535
3752.67,3800.5413675016607,3756.42,3773.648499815417,3783.6,3836.386812046985,3749.64,3772.604670544676
3842.47,3879.1422255353446,3783.32,3849.1657488203086,3863.23,3898.7715408020044,3780.84,3858.930380943594
3846.41,3879.041558121173,3822.24,3847.097226730154,3849.62,3892.875970860642,3809.12,3857.203559164109
3838.27,3856.4186445829455,3865.83,3830.7239313229043,3870.22,3877.454086348203,3831.17,3839.489234529344
3776.53,3808.0376263804988,3827.47,3783.2295345292137,3840.49,3836.509669060778,3776.53,3784.9036221025312
3754.93,3794.6250367532793,3746.58,3770.344408856532,3804.25,3822.199568715131,3726.79,3765.310420024519
3742.89,3774.204894555634,3753.89,3753.470046099287,3768.69,3802.5594519557485,3724.69,3743.8865907834165
3633.37,3668.5849025582775,3727.92,3644.2579933183847,3762.16,3707.4511504727834,3619.99,3625.335203895753
3627.45,3653.1368890281824,3621.94,3648.0988727549175,3670.73,3702.5123572703433,3594.7,3623.584353092285
3656.9,3677.7594264178138,3633.31,3674.333595916053,3700.88,3720.940941979259,3633.31,3654.715235209685
3631.14,3650.305642281312,3667.66,3637.776082186397,3685.08,3693.7466529522985,3631.06,3624.8817281551533
3541.33,3574.193955999976,3605.16,3551.4842658851917,3618.86,3621.987320412629,3533.5,3535.8040216975564
3508.7,3550.3522222645724,3504.51,3537.087064555112,3553.39,3601.9305538708168,3495.95,3516.5520637987956
3634.17,3646.2051445233487,3519.82,3638.4073389590253,3634.17,3687.4436050725226,3517.62,3624.9813044305374
3677.81,3681.8398554308296,3620.37,3663.3225502207174,3703.47,3710.5525393507196,3610.8,3654.6640694079515
3647.9,3663.659449907202,3645.06,3643.978409914009,3670.16,3688.3297161805044,3628.5,3629.9700501963107
3767.17,3776.5023126869037,3646.77,3761.282383020128,3782.88,3797.9308368091192,3646.77,3749.495669832325
3775.3,3775.617216296836,3754.52,3756.330877698078,3792.79,3795.2411037914253,3746.37,3742.72544426718
3749.33,3742.684600051806,3773.66,3733.990761399383,3779.12,3769.4042476788136,3723.34,3710.9737803248645
3714.27,3707.823053727895,3750.78,3709.3881019082955,3760.41,3739.755625417228,3711.27,3677.679453042866
3685.69,3679.7201427991754,3685.83,3686.2229992035914,3701.53,3712.163650456141,3665.06,3649.485974933195
3788.44,3760.3398518366807,3787.76,3763.2664439127134,3828.9,3789.4404836516364,3747.09,3734.3494391260256
3794.02,3766.2332006352035,3818.14,3765.026462410827,3848.41,3797.0538322651246,3781.78,3737.30984691938
3865.97,3849.153176271003,3788.93,3848.881534299655,3871.64,3877.8322535537827,3775.5,3822.0819047049804
3834.39,3816.3319091914873,3860.81,3820.0095361527724,3877.68,3853.6680023335175,3829.31,3789.4758007085425
3818.66,3794.886059913369,3821.27,3803.7457034939052,3821.74,3830.9232000547545,3776.57,3770.3554257451106
3801.57,3770.946118803497,3823.82,3781.7703766620107,3840.3,3806.334596008687,3801.57,3746.4706399838064
3769.13,3752.02012703613,3769.63,3764.43445677756,3769.87,3781.2911207234556,3734.0,3725.345507530157
3769.57,3757.210357644737,3766.08,3769.266751337244,3809.86,3782.400456889176,3751.04,3727.6805199259916
3773.53,3765.6874602484077,3760.22,3777.472053047694,3791.18,3787.851796236033,3753.21,3733.934153514209
3756.81,3740.088546048142,3791.54,3756.4485339598755,3804.9,3771.349396690493,3751.38,3712.1420714708984
3775.78,3770.654733574438,3751.28,3783.392886630647,3790.57,3796.210773335993,3743.41,3741.7223126126537
3733.24,3739.9840590986414,3701.9,3751.808544074718,3736.08,3766.794678536219,3672.13,3702.0402057112174
3848.42,3835.820537934138,3766.57,3845.006682548609,3854.77,3861.294863912922,3766.57,3800.9198957091926
3853.04,3851.9833872116824,3836.56,3859.81796396769,3867.66,3878.8014661381503,3833.83,3816.6921625869854
3894.77,3877.1011046984195,3921.3,3891.8664544851063,3944.56,3910.145410742029,3893.87,3849.2611657703947
3870.95,3863.620993455135,3886.4,3884.276799770739,3898.11,3895.159596820523,3865.88,3839.0736285305406
3946.88,3936.673426151843,3907.64,3949.398131909522,3947.48,3950.9640986944037,3900.67,3906.6938651134597
3968.2,3966.231062137702,3929.01,3975.8008059029403,3988.9,3976.681557634738,3923.0,3930.627221541907
3958.44,3958.2023988767755,3956.67,3973.658185952342,3999.59,3975.1023684632933,3944.18,3923.1043428682306
3959.18,3952.0768352778455,3953.2,3966.7743392670463,3971.49,3967.338027143693,3941.3,3918.064719649011
3998.19,3990.0786222829292,3961.99,4002.644310349314,4003.29,4002.3846549687837,3944.44,3958.9240564934025
3953.44,3939.562807521174,3976.17,3957.308078511909,3983.43,3964.762860576162,3950.32,3914.333172418007
3945.68,3935.8533266002505,3953.55,3951.663946030194,3964.4,3957.408281995976,3939.98,3914.899360300434
3954.89,3951.319337262911,3952.79,3957.9227539451367,3972.74,3964.0473914628956,3935.77,3929.2608351221606
3951.99,3951.521837373219,3954.67,3954.7443832197496,3963.5,3961.494158984968,3926.5,3930.103004354703
3954.23,3969.7902864230678,3931.23,3966.5979034524926,3960.47,3969.58131004591,3929.49,3943.592706186341
3893.22,3903.7017082231087,3952.77,3903.8800882764303,3966.57,3918.8529179145926,3878.44,3875.5460986018747
3829.02,3827.293263468099,3881.23,3831.716868561195,3881.27,3851.7997531955084,3811.48,3794.7565471737526
3830.54,3821.9933668790372,3839.0,3826.300923808802,3853.73,3844.163295451902,3821.4,3790.8327036734904
3836.03,3827.82204252852,3859.2,3828.1141839513957,3882.13,3848.7402740959224,3821.34,3796.8580935725718
3828.22,3841.5142998272645,3811.62,3834.7587023199603,3848.34,3854.130641896083,3805.95,3804.5469327052215
3843.49,3854.8291352452243,3830.57,3844.9269496236034,3856.81,3861.642023104925,3827.52,3815.799948907162
3887.84,3894.97154521944,3860.91,3882.52649690118,3891.85,3895.1594662604657,3856.65,3857.3861797463765
