low_rate,low_rate_truth,high_rate,high_rate_truth,close,close_truth,open,open_truth,high,high_truth,low,low_truth,low_error,high_error
0.9920070339226855,0.9834643671550186,1.00679000704753,1.002234544976537,4898.318452768614,4917.159942891965,5016.583270439057,4989.8300013267035,4901.8691232483125,5000.9800592025185,4962.026212704835,4907.319996833987,0.008542666767666907,0.004555462070992888
0.9912390073506945,0.9876158529634557,1.0063909094585803,0.9999999999534582,4894.196521263279,4867.319975180671,5007.0108475161505,4903.849984736876,4887.544607564645,4903.85005697904,4951.159230882644,4843.11995856764,0.003623154387238814,0.006390909505122111
0.9917254975848049,0.9875379870440915,1.0067998414743133,1.0026177417458044,4890.22972268909,4807.699940273389,4952.489236930187,4866.790002129246,4833.028166683538,4879.530032603523,4936.397303408988,4806.140030738705,0.004187510540713424,0.0041820997285089145
0.9916064272864311,0.9977027839022263,1.00644317410715,1.0126847209683525,4866.925784945787,4855.939990878554,4930.602718261649,4797.1100579533295,4823.0008032383175,4857.960045283733,4924.128151749679,4786.089995575137,-0.006096356615795218,-0.006241546861202485
0.9920999714065851,0.9988471369485935,1.0080897197739407,1.0126018448809706,4894.4884495832375,4821.770055421235,4884.453278831503,4770.729959487437,4817.85828523566,4830.850030433009,4909.922720779162,4765.230053337018,-0.006747165542008382,-0.004512125107029918
0.9923040591941323,0.9978012547288471,1.008098939180156,1.006006328007688,4872.720046771879,4853.199933731429,4869.968580520468,4848.219975653817,4804.765981600768,4877.340018309365,4894.202257552895,4837.560027306093,-0.005497195534714727,0.002092611172467951
0.9922255512641365,0.9985347650761263,1.006961795513418,1.0106116009899595,4880.406957128103,4849.430029498671,4925.757525217933,4845.6400502802935,4839.542328769846,4897.060000333888,4916.597499593772,4838.540022814359,-0.006309213811989789,-0.003649805476541479
0.9924067869519159,0.9961710999713826,1.0078756507097921,1.01061621696427,4863.363616959053,4877.370019186082,4923.043970743166,4870.85002378048,4852.7057656887455,4922.560000361764,4916.269112345193,4852.199952094819,-0.0037643130194667807,-0.0027405662544779386
0.9922579355290146,0.9953892729662109,1.0078710103146793,1.0066193199524482,4859.137148077335,4883.830054264569,4939.986882150137,4869.08004072502,4860.008062965413,4901.310045331123,4917.148432456556,4846.629953293582,-0.003131337437196291,0.0012516903622310505
0.9922239583509652,0.9904787850020549,1.0070001510763817,1.0045501257471403,4848.766799409081,4833.929987600655,4933.646060788887,4846.020049668401,4840.91275805358,4868.070015123284,4911.007498180782,4799.880008065806,0.0017451733489103338,0.0024500253292414342
0.9919531652860594,0.9999999998194835,1.006693228071966,1.0066309519273513,4821.389651805772,4866.379941897281,4910.679395868106,4843.950003671169,4818.822161480627,4876.070012485407,4888.397393648095,4843.950000721573,-0.008046834533424141,6.227614461473685e-05
0.9927407807920237,0.9950973708899095,1.0070409035669152,1.0043452347730462,4829.584525469766,4929.940005243953,4903.339034185424,4915.7299867488055,4822.886207112849,4937.08995220911,4898.420821618349,4891.630001162046,-0.0023565900978858023,0.002695668793869066
0.9923433485675541,0.9978588592647857,1.0067216774950953,1.008588849986134,4849.4854436777005,4936.19002861496,4957.228383633035,4941.289966732612,4854.320504733492,4983.730035364055,4912.1146626114505,4930.709938289782,-0.0055155106972315515,-0.0018671724910386267
0.9926350322919087,0.9837643727907697,1.0073175458093646,1.000981575731565,4849.7737580294615,4883.839959214444,4976.71212252018,4920.659936527078,4881.00844410207,4925.489962782921,4931.143769769854,4840.769982855741,0.008870659501139078,0.006335970077799624
0.9908844883111086,0.9978873562127496,1.0063912517924858,1.0150077660936738,4827.228218204952,4940.109979453255,4958.835815857924,4880.140058151759,4850.461355353877,4953.380014157894,4909.190969604836,4869.829936171538,-0.007002867901640952,-0.008616514301188039
0.9927563556841977,0.9937153698587261,1.00825004344782,1.0039843870957341,4841.331929871967,4913.609955316563,4926.156002377556,4934.25997805262,4877.647092732737,4953.920060209723,4924.255055736827,4903.250061446591,-0.000959014174528372,0.004265656352085978
0.9926318480185674,0.9968243009074544,1.0067043456606646,1.0088347740317622,4827.873244602881,4932.1099923705815,4962.517846574476,4896.559968286726,4884.16449428549,4939.820012555097,4935.639588579672,4881.009938997519,-0.004192452888887033,-0.00213042837109767
0.9927652146233552,0.9842417789782211,1.0073663229312715,0.9999999999534582,4839.5114268551115,4874.780008644492,4929.350246705497,4922.509989925768,4885.203958080825,4922.5100585874125,4931.105751560761,4844.940063769529,0.008523435645134136,0.0073663229778132555
0.9910715433267515,0.9998808889877825,1.00687212026151,1.012065165951415,4826.854239421841,4922.719966038585,4950.038923751057,4869.390012037025,4886.4691047051165,4928.139981312178,4922.239560784372,4868.809935439767,-0.008809345661030976,-0.005193045689904974
0.9930957952777678,0.9942355739595587,1.0080417357747675,1.003501280176129,4849.176382471471,4910.180031795724,4905.954174442341,4926.770053538184,4892.661614769054,4944.0199808002135,4929.421558144691,4898.369954049388,-0.0011397786817909372,0.004540455598638582
0.9927055352780214,0.9957495210654745,1.0066368725332249,1.0063970829783824,4849.992068478729,4928.020051176328,4961.326565899354,4914.73995310692,4899.268911515637,4946.180030029761,4935.595609327341,4893.850026131366,-0.0030439857874531295,0.00023978955484249553
0.9927803824739555,0.9999999998194835,1.0069933339098143,1.0111492300436606,4863.6082959910955,4959.7299450964965,4963.265392939453,4934.870012306396,4897.688996735167,4989.89001578578,4934.750465863873,4934.869951663881,-0.007219617345528007,-0.004155896133846371
0.9931540435326391,0.997816187144489,1.0077733498293087,1.008247484944549,4876.91439149184,4979.520034946372,4985.369092371736,4940.900058974272,4932.574270963437,4981.6500279512375,4951.375285583101,4930.109992404822,-0.0046621436118499116,-0.00047413511524041496
0.9928981866105777,0.994027982135755,1.0071111581573378,1.0038790019638308,4881.817475530546,4963.1000373660645,4987.457750037378,4983.239997843793,4926.460182983008,5002.569962337859,4951.463641490645,4953.480063716493,-0.001129795525177335,0.0032321561935069187
0.9927344229610481,0.9870101008682928,1.006472103387978,0.9999999999534582,4874.415131707212,4898.159973570617,5021.560485821277,4949.2300526081535,4938.556755619564,4949.229987687128,4965.0889967203275,4884.939988570272,0.005724322092755307,0.00647210343451976
0.9921710517984861,0.9925633729412185,1.0065175387702472,1.0032912860659184,4851.267397700449,4864.13995086816,4996.835486874905,4882.589969640204,4900.862189095189,4898.660026801866,4950.899859267994,4846.279973821719,-0.00039232114273246577,0.003226252704328747
0.9927870395682323,0.9988665507040491,1.0063825072270067,1.0097711090008956,4838.672584681254,4908.770048795977,4942.970506662189,4861.269968734557,4870.842323510817,4908.769996641417,4942.633084506054,4855.760019583957,-0.006079511135816729,-0.0033886017738888885
0.9931883897037367,0.9959246679020592,1.0074047919661202,1.0061662971003715,4859.051751347333,4890.69003515692,4922.643619027012,4878.129997963502,4880.932991529469,4908.209973879847,4947.144799431171,4858.2500135781265,-0.0027362781983225615,0.0012384948657486738
0.9930976094935878,0.981930707185646,1.0068132190570196,1.0051246470339166,4864.732507801887,4839.849935209617,4935.6006876626,4886.190055456995,4884.289078765829,4911.229966472604,4944.905036785354,4797.900014437521,0.011166902307941817,0.0016885720231030188
0.9909595893062384,0.9934985041338859,1.0066305668017077,1.0047355042788484,4861.773337101449,4821.11003774782,4938.480675977895,4835.810009731341,4890.638028063475,4858.7099817656035,4915.347137657774,4804.369998300013,-0.002538914827647454,0.0018950625228593143
0.9931016727655203,0.9986883121529853,1.0065215390599798,1.0067856620629683,4863.578982693492,4868.739996980966,4896.016346892886,4841.089965993233,4860.677012786175,4873.940063298238,4908.661496497707,4834.740056451814,-0.005586639387464953,-0.00026412300298850333
0.9933507742883388,0.9964683362956714,1.006756683202747,1.0063347669931837,4879.058679289063,4842.34999809829,4906.344885582052,4858.899993692447,4871.493321288364,4889.679955862554,4911.443846545776,4841.740043291944,-0.003117562007332597,0.0004219162095633333
0.9932119490401802,0.9972196688829358,1.0066833800698725,1.0051496028805165,4859.137014226661,4848.179998054335,4927.059538625248,4841.149951802208,4879.494533450404,4866.080037882066,4912.301839369112,4827.689996848487,-0.004007719842755608,0.0015337771893559893
0.9932324393359597,0.9918262750062268,1.0065101821326627,1.0025811757628436,4852.517964547481,4846.740032503615,4911.327992427653,4858.250058163951,4859.184293644165,4870.789952136633,4912.238122440283,4818.540060413987,0.0014061643297329507,0.003929006369819188
0.9930138887602864,0.983694752996351,1.0061147256779606,0.9999999999534582,4841.397115150197,4821.189946600189,4919.7182396643,4832.8000075309665,4851.954884362496,4832.800054254747,4912.637247401949,4753.999977747841,0.009319135763935393,0.0061147257245023345
0.9908709784638359,0.9988244507093372,1.0061111199575654,1.0174213930655223,4815.596728486421,4898.650000888072,4898.9497600693,4814.7699872332105,4816.779407931919,4898.6500384469955,4884.508144104613,4809.109954947318,-0.007953472245501358,-0.011310273107956847
0.9933495169786933,0.9943747921169817,1.0078530757069708,1.0012543521093626,4834.534858796388,4888.3800402253055,4883.982899039247,4902.929979171094,4851.815182372083,4909.080040575695,4903.858485259711,4875.349994677207,-0.0010252751382883174,0.006598723597608158
0.9932883852667828,0.9936642009591155,1.005901794874048,1.0024354312341672,4830.009099807643,4882.380049913301,4950.997893313293,4894.409985843158,4857.894716043772,4906.330003519968,4925.743726934703,4863.399957532552,-0.00037581569233269274,0.003466363639880843
0.9932249262275071,0.9990985268184509,1.0059552137190872,1.0070622221157686,4827.902825601832,4883.319949346016,4942.905031080518,4880.900056927974,4857.159222183133,4915.3700045885,4918.184329303628,4876.499946151559,-0.005873600590943773,-0.0011070083966813193
0.9932846329056594,0.9961644400817039,1.0066049377967985,1.0016935440814239,4823.468352772743,4885.750008332195,4931.435556948763,4883.249947435828,4865.882835362265,4891.519972802953,4920.019270879797,4864.519971323089,-0.0028798071760445243,0.0049113937153746345
0.9931059983393292,0.9915815100058745,1.0058698716471237,0.9999999999534582,4818.082737054325,4837.619982981045,4933.570676836982,4871.420022862641,4859.964330168415,4871.420028360061,4914.27838883908,4830.409954644002,0.0015244883334547543,0.005869871693665485
0.9929643609168793,0.9994846917097434,1.0059432343933161,1.0125722778556858,4799.300676630222,4890.060000034478,4922.678700013512,4832.0599593921115,4851.105334287462,4892.809955336652,4900.278945029331,4829.569977418007,-0.006520330792864071,-0.006629043462369699
0.9933422178737847,0.9995669398874546,1.0074359520245277,1.0048229050760924,4822.178166126212,4912.399945223748,4889.1827849579095,4895.389977217916,4863.5331423679545,4918.999961717177,4899.509043178285,4893.2699503905305,-0.006224722013669859,0.002613046948435338
0.9934630565744477,0.9981898833009963,1.006323675669759,1.004435602070651,4843.082428986329,4913.350017307686,4931.5448168151115,4905.760023944542,4881.3356302129505,4927.520028421388,4924.192001146135,4896.879958175236,-0.004726826726548672,0.001888073599108031
0.9934559102848419,0.9970655447108887,1.0061993435366445,1.0043670880710691,4857.918571541385,4916.660010624635,4940.1712581746,4914.030031769448,4889.742045636071,4935.4900607189,4926.862151113709,4899.609983510441,-0.0036096344260467816,0.0018322554655754164
0.9934621272586227,0.9947372808861521,1.0061192143837394,1.0007564652185004,4870.513786112601,4896.439992409923,4950.331086776022,4917.610033051984,4899.004220111579,4921.329947957285,4933.971026343646,4891.7300142208105,-0.0012751536275293907,0.005362749165239045
0.9934226639490841,0.9926047939638738,1.005599824791992,0.9999999999534582,4867.492107147414,4860.130052376948,4959.825983396703,4886.95005423321,4893.816754512006,4886.950030494336,4936.498111273517,4850.809969279432,0.0008178699852102733,0.005599824838533718
0.9933892514422145,0.9997302907493065,1.0056297707454962,1.0079916849346398,4859.0043682087435,4851.41998746879,4948.037432964082,4820.010042220383,4874.138480617956,4858.530056400173,4922.5549662054555,4818.710016380073,-0.006341039307092067,-0.0023619141891435547
0.9936711158515656,0.9903318390095195,1.00647882198599,1.0028967432886056,4866.415144624539,4832.029977283452,4909.617861284273,4857.179954178835,4857.967739016539,4871.249956371732,4907.676732154852,4810.220033665792,0.003339276842046157,0.003582078697384361
0.9933480332414956,0.9983526117200298,1.005820600649535,1.0026138839968273,4862.152803762194,4843.8500626016275,4941.258099271594,4831.890044232313,4867.585444934315,4844.520038917146,4898.294315034083,4823.930035709448,-0.005004578478534194,0.003206716652707664
0.9935356842212891,0.9980185580893817,1.0057419860290464,1.0055662191119679,4860.074638197919,4856.1600413865835,4923.171842277923,4839.91006655419,4842.793133346764,4866.8499510736765,4896.920890672135,4830.320009124927,-0.004482873868092541,0.00017576691707854586
0.9934981891852741,0.9992526217940785,1.0061338851622852,1.0090673629913074,4857.505508361471,4901.019960921632,4926.160019284407,4856.980046114549,4842.016606244496,4901.019978106584,4899.054414280695,4853.350036036798,-0.005754432608804372,-0.002933477829022202
0.9935932887572276,0.99577547730373,1.0065137078767747,1.0070211818876853,4872.781618081912,4892.620028025095,4936.628881919569,4909.430003940541,4852.023318091133,4943.899985564003,4912.386221247831,4888.690014637249,-0.002182188546502317,-0.000507474010910558
0.9935055389180167,0.9927780919527152,1.0062129471777745,1.0006631739171574,4867.709346791289,4922.099969716692,4970.866317979872,4930.829941292523,4873.950051653108,4934.100059658732,4926.1676233427115,4895.220006334999,0.0007274469653015814,0.005549773260617119
0.9936615487439319,0.9962264992458382,1.0053250310050748,1.0124675490605117,4875.14515328312,4995.929993726131,4988.4823290781815,4934.409942575058,4864.744027929303,4995.930000971294,4927.501704819292,4915.789976936516,-0.0025649505019063046,-0.007142518055436975
0.9937295670836737,0.9997440348085493,1.0071476745609054,1.022758858510912,4900.5307367082205,5078.689999301084,4990.593883112875,5000.6899767922605,4907.997653849972,5114.500006923483,4935.530302786981,4999.410034330027,-0.006014467724875683,-0.015611183950006602
0.9937835624451851,0.997927181992732,1.0077500526790157,1.0027327110466018,4925.534310309771,5055.119966417901,5033.84083954936,5046.2699527278255,5006.518601977999,5060.059963459355,4965.231929290403,5035.810018885754,-0.0041436195475469395,0.005017341632413963
0.9937429020824413,0.9979783968611736,1.0057316183286704,1.0105736320282166,4920.380523958694,5083.8000164817695,5061.065693526025,5090.019959798955,4970.795385762789,5143.839989487846,4985.270439770378,5079.730058187188,-0.004235494778732307,-0.004842013699546177
0.9937283495308549,0.9945740030153493,1.0069192622963448,1.001748793822627,4935.117349313653,5049.699951076269,5090.352693583115,5066.349934488559,5040.527870488606,5075.21000317526,5011.991014784477,5038.859953541379,-0.0008456534844943908,0.005170468473717715
0.993861104097931,0.9935468238977805,1.0055463374801714,1.0047832920262565,4932.3602931309315,5005.8999950285,5078.081980431475,5036.280039286202,5001.115306926571,5060.370007393633,5016.586581717804,5003.7800088937165,0.0003142802001505629,0.0007630454539149234
0.9939514738499039,0.9961271202242067,1.0060019399362727,1.0056165749538986,4925.987930243903,5034.729957847229,5063.341806844715,5006.609960212418,5005.613441062337,5034.730035419807,5020.294483079235,4987.219965844337,-0.0021756463743027865,0.00038536498237418115
0.9939300660411073,0.9867405908928497,1.0061103479355853,1.0001533460655305,4947.970092581614,4954.759935720798,5047.429901529509,5021.339957635155,4996.927756636158,5022.110018996949,5025.034572194167,4954.759965933425,0.007189475148257629,0.005957001870054768
0.9940989934191096,0.9873778359855914,1.0054216181556053,1.0074367219806997,4935.486777173848,4880.41994064348,5062.798988832245,4934.970033286987,4990.754008482045,4971.670041702767,5021.643533397722,4872.679977177261,0.006721157433518199,-0.0020151038250943998
0.994122566111362,0.999269970058145,1.0063443086654549,1.008467121066279,4915.9697426989005,4913.490025112674,5014.5449580059485,4876.509979430481,4959.730178255457,4917.800009355078,4998.248293236827,4872.949946202112,-0.005147403946783036,-0.0021228124008241256
0.9940528997269119,0.9956524209175757,1.0064545186396188,1.002455032211184,4933.65074747881,4914.450002146486,4983.63485978725,4924.580035923001,4926.152568648562,4936.67003637126,4998.564096060793,4903.170050999579,-0.0015995211906637552,0.003999486428434729
0.9940673910902572,0.9964380651993143,1.0056502461495493,1.004965182883744,4943.705610108485,4948.74000165837,5021.811676396362,4924.290015248356,4930.756255399307,4948.740018387418,5000.2065621742,4906.749988632842,-0.0023706741090571137,0.000685063265805308
0.9939921084328304,0.9904947649994045,1.006033029462091,1.0023924600657872,4967.780795435283,4921.33996558981,5025.871430253806,4953.060039393718,4932.8870144530865,4964.9099501222245,4987.390186745678,4905.979954314169,0.0034973434334258924,0.00364056939630375
0.9941867684169374,0.9951221499533731,1.0055660361403975,1.0043796959927187,4961.546298742459,4919.320025068719,5047.8788578185595,4918.1500392296575,4939.732277005562,4939.690028964017,4974.739793254416,4894.160000379721,-0.0009353815364356866,0.0011863401476788216
0.994103517621752,0.997950724246164,1.0058843128258603,1.0072019158926642,4955.0071579156465,4955.960040863738,5019.39564082236,4923.690023261706,4924.467776141956,4959.150043806379,4961.977994488425,4913.600022118639,-0.0038472066244120695,-0.0013176030668038408
0.9939432988524063,0.9848406317109442,1.0062489459488677,0.9999999999534582,4961.93741041184,4883.480034752101,5019.959614544246,4958.649966967616,4931.739838398476,4958.649951174029,4965.66602570573,4883.480062847564,0.009102667141462129,0.006248945995409483
0.9926835652828467,0.9992810560008002,1.005266318674463,1.0118840840053371,4927.63442738458,4921.50995594577,5048.009407291218,4882.1600267102485,4930.797693574241,4940.179998263727,4957.503105563753,4878.650028213557,-0.006597490717953458,-0.006617765330874104
0.9938627906570653,0.9970997231578734,1.0068521701629327,1.0026126787453873,4933.405265342724,4940.370051312805,4995.694819226106,4937.459979947047,4923.185622318831,4950.360021565137,4958.862753292441,4923.139943248508,-0.003236932500808143,0.004239491417545427
0.9939051335411405,0.9831685477888827,1.0056002296903699,1.0006998821457582,4937.281045458603,4917.770034263985,5026.804156024615,4957.979946904864,4930.110251799193,4961.4500649818765,4974.505060618481,4874.530020062965,0.010736585752257777,0.004900347544611661
0.992309585858949,0.9886000819735409,1.005260601403125,1.0017013280461593,4927.390551456581,4868.1200006590725,5040.413704229704,4907.92995702547,4936.246746089197,4916.2800247038285,4959.163719742128,4851.980055833164,0.0037095038854081386,0.0035592733569655977
0.9942588733236273,0.9884906739817649,1.0054193634736754,1.0031803988018295,4906.1056172796525,4818.229972795707,5007.038430276528,4842.159936081453,4905.008571166205,4857.559971177854,4951.4999376205815,4786.430039974937,0.005768199341862346,0.002238964671845922
0.9943346476611848,0.9987293548645861,1.005692030068531,1.0067014629730875,4881.237500560173,4822.3699741420305,4960.334256010254,4824.320049374646,4864.639960069778,4856.649951062525,4921.264201643068,4818.189948474497,-0.0043947072034012935,-0.001009432904556462
0.993830151855316,0.9934728808590545,1.0062301270277558,1.0066829719252248,4876.676404993496,4844.039996708011,4942.222558606527,4812.229963134408,4857.3908440339055,4844.390055326066,4923.430312287994,4780.820035950193,0.00035727099626148284,-0.0004528448974689958
0.9942111418365284,0.9900578720181415,1.0062469220472088,1.002245863243732,4879.018925638889,4797.769960322542,4928.750120821953,4840.009953637886,4843.3767772178235,4850.88005639181,4902.988835285156,4791.88995817772,0.004153269818386818,0.004001058803476676
0.9944817395339028,0.9983460922216454,1.0055552355056772,1.0070223641201212,4855.100881003349,4845.579948712197,4944.444309785833,4818.88999469342,4841.627330360099,4852.730061687078,4899.979568191175,4810.919992609516,-0.003864352687742545,-0.001467128614444091
0.9938384203434765,0.981910269691902,1.0062668913282895,1.000006182031608,4866.580048654887,4765.920058597386,4925.130619955382,4853.029953814138,4831.803243434263,4853.059947353329,4898.958110315501,4765.23998840908,0.011928150651574487,0.006260709296681544
0.992633672018294,0.9957903917045597,1.0051824920202623,1.0042454432591135,4823.4870918671,4726.7300536122975,4943.856368519737,4743.910009721356,4821.789107810358,4764.049937728183,4873.176730780397,4723.940026312024,-0.003156719686265741,0.000937048761148862
0.9938693172992544,0.9995664833051475,1.005803878228479,1.0098292149983998,4797.883197992732,4767.279981445063,4864.872464695458,4728.759977738895,4761.97128009305,4775.239999671392,4848.156112830042,4726.710056870736,-0.005697166005893095,-0.004025336769920784
0.9937746708930055,0.9960434507399397,1.0066285287345078,1.0124864160854397,4811.166940430921,4813.3500449236,4847.641273273478,4766.780001083921,4760.915349009956,4826.300064834133,4841.417484618974,4747.919978580718,-0.002268779846934188,-0.005857887350931845
0.9938720272860768,0.9875659550398997,1.0069973451188179,1.0026869829098202,4827.225808892821,4780.379946907872,4869.411301643335,4815.809964416943,4787.012760641281,4828.750046310451,4840.563730759719,4755.930031080557,0.006306072246177075,0.00431036220899772
0.9945745192328964,0.9998555961915734,1.005415546745744,1.013967426929985,4808.451645658483,4823.509980332352,4900.136488249991,4778.260053070383,4794.022561093576,4845.0000198619855,4838.193487500811,4777.569942709413,-0.005281076958676967,-0.008551880184241023
0.9938092751728766,0.990390474000476,1.0071244359910265,1.0019838751058066,4817.949957185732,4779.309944620045,4872.051882310309,4808.769933469823,4812.872476422249,4818.310055826881,4844.459471216948,4762.560035837071,0.003418801172400676,0.005140560885219969
0.9944991322137993,0.9984244647299503,1.0052653512860645,1.0099201930005097,4786.514590997905,4786.739995532894,4893.999457962983,4753.939958334595,4800.634042150983,4801.099985407897,4834.0146637236085,4746.449985318319,-0.003925332516151014,-0.00465484171444519
0.9938092003182263,0.9824231669228208,1.0066281955491807,1.004082361288813,4774.159236834468,4678.449981655611,4853.096098880285,4761.949938389344,4785.596168960714,4781.389991738246,4824.03071110635,4678.249954571898,0.011386033395405448,0.0025458342603676964
0.9927021394859378,0.989574417978723,1.0056544819414,1.0046603218508785,4719.176324676688,4712.310052802659,4851.231049029351,4697.100056908004,4770.098291535345,4718.990039309244,4791.324056473028,4648.129995300823,0.0031277215072147424,0.0009941600905214454
0.9943582653904676,0.9804443410676781,1.0057431777051762,1.000072215881067,4738.408792618746,4619.880005285735,4795.5778757834505,4708.099954628873,4732.221370045707,4708.440041944334,4771.4001304908425,4616.030042401463,0.013913924322789484,0.005670961824109089
0.9926546716984161,0.9823387861640754,1.0049476415173537,1.0040307550427805,4701.602801987986,4563.769936602335,4800.152061511617,4641.810012041438,4715.7397746434,4660.51996461056,4748.30863859981,4559.829989095266,0.010315885534340707,0.0009168864745732197
0.9927733532806284,0.9949187040211576,1.0056391831572065,1.0073449199794036,4674.94269244521,4634.089994387893,4751.618052277802,4638.580017242522,4676.380797255466,4672.650011733708,4711.896334554725,4615.010041669691,-0.0021453507405291283,-0.0017057368221971014
0.9939115989950884,0.9775269969245903,1.0061248239379437,0.9999999999534582,4705.687523005954,4608.769997793044,4749.6442781481,4626.439987460436,4676.503357069278,4626.439967749252,4732.625398776872,4522.470011643025,0.016384602070498078,0.006124823984485439
0.9928990823815801,0.9972071218768981,1.0049566885761545,1.0111346200588944,4688.501096466414,4652.059982772935,4737.876347837314,4608.149939392523,4642.841521334829,4659.459984194411,4672.794672736078,4595.280048294171,-0.004308039495317995,-0.006177931482739929
0.9936518688884223,0.989452912962962,1.006677150773253,0.9999999999534582,4701.007568040779,4639.860029241993,4718.829514518667,4657.210029526927,4657.337593762279,4657.210039771032,4695.824832115576,4608.090065276573,0.004198955925460268,0.006677150819794808
0.9942629698297822,0.9952380640877243,1.0049278974093505,1.0096862840011482,4682.9832362821,4601.400045832814,4748.395020117428,4617.870050590653,4651.006326552309,4662.599972023378,4689.25536506483,4595.879994179131,-0.0009750942579420663,-0.004758386591797725
0.9936692743029273,0.9892213420265327,1.006459009706321,1.0031030130420158,4653.99907748694,4551.690047125957,4711.206228696777,4579.419950418776,4649.846867520764,4593.629976711903,4676.251150540508,4530.060009296052,0.004447932276394617,0.003355996664305305
0.9942406196599519,0.9992819200905813,1.0054692297190984,1.0104615699833566,4622.985073220814,4600.099954236408,4672.751040442889,4553.810026893121,4600.911487412219,4601.450048708594,4637.197177067762,4550.540034378495,-0.005041300430629336,-0.00499234026425821
0.9935569699642036,0.9972661452345908,1.0065187658602293,1.0050326309263717,4641.838074502129,4617.9900337690815,4644.581008284175,4619.849983977527,4596.031771124861,4643.100003761536,4643.022970857708,4607.220017899135,-0.003709175270387166,0.0014861349338575192
0.993613567534265,0.9978448741797807,1.0058507331159947,1.007203968125405,4644.7960405465,4629.170045164265,4686.196431054666,4616.899967586128,4615.3036269579125,4650.160015943719,4670.0597460986555,4606.950048874284,-0.004231306645515742,-0.001353235009410314
0.993589388861005,0.9985948742921491,1.0061686807477466,1.01015729999293,4641.229455487523,4651.240013544109,4678.545562472398,4604.569938109988,4620.276477905546,4651.339991596078,4674.028476218639,4598.10001914845,-0.005005485431144097,-0.003988619245183456
0.9935599032725763,0.9929510010700949,1.0065310282017035,1.0001334470219236,4641.1551683634625,4634.310044895923,4664.507544203199,4646.049991119598,4626.331445623366,4646.670030760992,4674.593053247056,4613.300017066258,0.0006089022024813318,0.006397581179779843
0.993998277574179,0.9888915930041794,1.0051220361476558,1.0000325948631146,4622.783895657816,4574.15005636979,4691.876069548236,4601.9199846603615,4629.1526159631,4602.070001599384,4683.155230818326,4550.799935863655,0.005106684569999631,0.005089441284541252
0.9943763488452285,0.9994063738670753,1.0051213054418366,1.0094478190050773,4586.482120515954,4623.049990797696,4658.361676721119,4582.010051956322,4600.68688440541,4625.299945516374,4646.387118725768,4579.290013445936,-0.005030025021846796,-0.004326513563240653
0.9936770175661346,0.9774415458375252,1.0064841771506885,1.0040961921688285,4607.734528979105,4529.31998553504,4642.41964460453,4592.069993474049,4609.845125999161,4610.880000550366,4659.267476018375,4488.4800106344555,0.016235471728609396,0.002387984981859992
0.9930676887542664,0.9994019229660821,1.0058210197134538,1.0103469500254563,4559.7668644954965,4573.420034793882,4647.743117357309,4564.629967187063,4592.050466864739,4611.859939149786,4603.980919471436,4561.900060710252,-0.00633423421181567,-0.004525930312002435
0.9937235383336194,0.9927559410329189,1.0066677923676675,1.0039244131466343,4580.251773194023,4581.649977334459,4623.20999266152,4563.7399545257695,4581.363871998092,4581.650024867344,4643.0216461814325,4530.679957792766,0.0009675973007005068,0.002743379221033182
0.9940162650534754,0.9969703227624528,1.0057660231812946,1.0055634701116831,4584.164228394574,4619.689937328678,4620.890630645734,4597.850054638895,4551.66471359171,4623.429963511365,4624.343843171166,4583.920021962414,-0.0029540577089773867,0.00020255306961147745
0.9936735313893901,0.9922551489792406,1.0059905644166833,0.9999999999534582,4601.649945041142,4578.600055877061,4648.964792627603,4594.019933956435,4566.5468224371125,4594.0200624629115,4651.044018170629,4558.440006279879,0.0014183824101494658,0.005990564463225101
0.9939351865961509,0.9889902550052287,1.005103780601911,1.0009532062847188,4578.292868580268,4551.629948173339,4648.963989246233,4595.020009865447,4545.8416376802,4599.400006360387,4636.802291070177,4544.429965059928,0.00494493159092213,0.004150574317192124
0.9940797703721822,0.9929387419904508,1.0051223401165548,1.0057673219843277,4560.476942320982,4496.430064073029,4649.501183589111,4513.36004269701,4547.590274671313,4539.389970300714,4626.552608392148,4481.489958866388,0.0011410283817313571,-0.0006449818677729535
0.9937206923039055,0.9721637103026282,1.0059536307198895,0.9999999999534582,4528.851106624075,4352.780048396035,4582.340375596372,4462.520061136913,4509.706334337712,4462.519996153585,4583.832593328261,4338.300004190636,0.021556982001277314,0.005953630766431295
0.9925508304388838,0.9749864735761111,1.0049604728413881,1.0050462670301996,4452.639209871091,4265.390014157304,4534.777118851557,4361.639998067654,4460.71615325515,4383.650056410369,4475.512092240069,4252.539998508631,0.01756435686277269,-8.579418881149437e-05
0.9925641113932151,0.950294092418706,1.0057968240842166,1.0054893970226364,4399.919578759705,4226.349988852415,4448.1083366336725,4280.979972911334,4409.407863976109,4304.479993598859,4395.240286599319,4068.1899675504656,0.042270018974509105,0.00030742706158015665
0.985962902014261,0.9912879660192188,1.0058078965202535,1.0021889880067083,4367.419564311009,4292.839976527259,4378.341493372878,4326.200033993046,4354.399699084301,4335.66998145849,4248.738575002183,4288.510059379298,-0.005325064004957802,0.0036189085135451826
0.9918739616115956,0.9870604078523237,1.0051949408746919,1.0200510492582437,4392.9845076392485,4306.519983885778,4401.280307739491,4231.199986120777,4365.64159249062,4316.040029605568,4359.60477272191,4176.449997166703,0.004813553759271838,-0.014856108383551891
0.9909738470205766,0.9827242447504929,1.0068468752017832,1.0075821240279128,4385.709321956198,4174.759990504116,4329.0354346422955,4248.149994063186,4346.711837811869,4280.360006276282,4276.461068916899,4174.759975175022,0.008249602270083645,-0.0007352488261296308
0.9895072260684871,0.965657412427201,1.0060252868135167,1.0091940589990627,4291.940633848761,3983.810024430684,4334.138111415163,4125.489994253836,4319.5173268780545,4163.419991856682,4261.034220186993,3983.8100096117846,0.023849813641286022,-0.0031687721855460094
0.9884275486824138,0.9728010656584438,1.0061389576063964,1.0284942393128156,4141.059134733773,4156.079991218927,4240.278061707216,4053.0999769224227,4240.051190331306,4168.589977835232,4114.784263315925,3942.860026986591,0.01562648302396996,-0.022355281706419206
0.9890067958640523,0.9953111029692423,1.0074922032399622,1.0153551358490316,4232.2255649629515,4237.699990603558,4175.959683950716,4237.670017985735,4231.380353459665,4302.739995184931,4059.93650578509,4217.800032026955,-0.006304307105190032,-0.00786293260906934
0.9918209319837836,0.9944221480884281,1.0074485717507946,1.0153847247128587,4264.873149779714,4265.899985225183,4292.288837717494,4218.470006619169,4298.373059440161,4283.370010514169,4207.557635068439,4194.940027314984,-0.002601216104644477,-0.00793615296206407
0.9916798571359621,0.9866546419136498,1.0074618113670344,1.0017943342659914,4270.752607559797,4258.7500168476445,4269.421323447487,4280.139970740336,4274.886522785226,4287.82002507546,4193.011828529053,4223.019985122515,0.0050252152223122515,0.005667477101042984
0.9895554993976505,0.9962657883086596,1.0054801796822292,1.007233272940625,4257.4239582204855,4255.28997692516,4305.580246899982,4252.569997516719,4267.093108897815,4283.329989605804,4214.742348015121,4236.689981942666,-0.00671028891100911,-0.0017530932583957881
0.9918587415801602,0.993523999130831,1.0063160820544796,1.00420881471168,4239.462670129253,4276.520032325754,4278.823228674567,4269.609984172591,4255.052552035193,4287.579967114156,4227.3107440449585,4241.960007801424,-0.0016652575506708178,0.0021072673427995348
0.9916176424387733,0.9923097380530513,1.005979066424188,1.0057488710721643,4229.61313443347,4251.309994059584,4282.591020352388,4249.530002411857,4249.446722842107,4273.959967893254,4234.739131192433,4216.849974202504,-0.0006920956142780765,0.00023019535202384311
0.9913895211835637,0.9823161297424392,1.0062519195319992,1.0013579441198779,4197.220267449297,4174.569989472396,4258.642288654978,4249.069999628967,4235.360037986564,4254.8400295386655,4225.405395924772,4173.929999254903,0.009073391441124512,0.004893975412121332
0.9891623764404788,0.9909078579872995,1.0056624984570988,1.0109667610550344,4148.36664535459,4148.469978074906,4249.180598464265,4128.84002761915,4219.813771031182,4174.120017011297,4202.583276954267,4091.300004909348,-0.0017454815468207485,-0.005304262597935594
0.9910740568589418,0.9926120579709587,1.0073841862686022,1.0052437538531243,4137.3784419752255,4134.139991843521,4156.323302603231,4155.419967200882,4167.139304268116,4177.209995577029,4146.524500372801,4124.719997716773,-0.0015380011120169623,0.0021404324154778998
0.9915061260151294,0.99965402721642,1.0062332620390306,1.0220870364844814,4133.928842405311,4254.099977508105,4171.518524787766,4162.169977473357,4163.355742438869,4254.100013922782,4162.25807789419,4160.729997577132,-0.008147901201290608,-0.015853774445450775
0.992682017717306,0.9952346319554163,1.008419158020302,1.0029848488215103,4209.399875677794,4222.6000283700805,4176.516226394926,4234.720001594337,4203.670159961237,4247.359966540864,4180.504831244563,4214.540003714111,-0.0025526142381102623,0.00543430919879162
0.9919372286999422,0.9979184628236685,1.005907580317052,1.0218751943614117,4194.731782643925,4276.159974012738,4228.745923828586,4198.819967788391,4193.19217323583,4290.670013168772,4210.272360392667,4190.0799887633475,-0.005981234123726309,-0.015967614044359646
0.9923865171822847,0.9948107810089803,1.0085336743189053,1.004388528797713,4225.734610378773,4263.84002335257,4204.799669223734,4258.8300121018165,4211.567844174825,4277.520006537839,4193.401548289166,4236.729987166173,-0.002424263826695694,0.004145145521192273
0.9919878397615776,0.9919151319798822,1.0062342981893257,1.0089834480238125,4215.994564534309,4209.099983242732,4246.747557984594,4240.019975442037,4201.280716014098,4278.109994364019,4220.38387933521,4205.739980517659,7.270778169532477e-05,-0.0027491498344867082
0.9914495626110911,0.9910567000145445,1.0069894637659886,1.0058387788750356,4180.290566502459,4230.770005808713,4234.822767461275,4213.210000994636,4203.123027576561,4237.810019462881,4202.495318449605,4175.530009493696,0.00039286259654658373,0.0011506848909530465
0.991190079586891,0.9727150977326312,1.0065175470334793,0.9999999999534582,4190.886721257725,4100.06997591433,4216.682349173564,4203.790019686727,4179.330091387096,4203.790020219679,4187.511375232254,4089.0899812459047,0.018474981854259775,0.006517547080021058
0.9886102100251518,0.9933779679578264,1.0059361342110456,1.018766892804244,4111.71418144689,4179.969994138268,4208.910705591976,4102.970009374891,4160.650450513404,4179.970020987626,4133.80774060016,4075.799967815246,-0.004767757932674588,-0.012830758593198377
0.9914238118348738,0.9964688127563918,1.0085492199671606,1.0095392610024312,4165.518337644231,4139.739969416324,4132.06801396464,4154.4099829216375,4151.94836628835,4194.039968599874,4120.295181555297,4139.739972128804,-0.005045000921517939,-0.0009900410352705613
0.9918298179451593,0.9959042720287432,1.0072887689556593,1.0106455389699642,4141.946631627624,4191.570028948413,4162.0009326433765,4172.639978232127,4167.195455019818,4217.060022086821,4155.160992283101,4155.549983471263,-0.004074454083583867,-0.0033567700143048995
0.9918203167624199,0.9977416710483776,1.007750506714114,1.0117601269639418,4168.9864755324925,4188.749996023582,4173.555297406582,4162.370019434538,4184.883751672651,4211.320024991832,4164.662630268621,4152.969977724205,-0.005921354285957747,-0.004009620249827872
0.9921372642418642,0.9920682510496535,1.0081055078595267,1.0045293319135318,4158.634196705225,4166.380001358003,4168.895618510936,4152.930020540822,4182.5794112085605,4171.740021507954,4165.659382931766,4119.98997614153,6.901319221075397e-05,0.0035761759459949083
0.9913527227461671,0.9888248959577263,1.0066995642003733,1.0060092310582305,4136.239372739622,4134.8999959704015,4165.341861019828,4161.929967289008,4158.670394138172,4186.94000299821,4148.651069430917,4115.419975460311,0.002527826788440879,0.0006903331421428405
0.9906387196255939,0.9830433790107078,1.006936591769852,1.0013630177444508,4109.653751096917,4070.790007129666,4175.613359631709,4130.539982598507,4163.358914416429,4136.1700050600075,4148.395075740768,4060.500023072487,0.0075953406148860925,0.005573574025401262
0.9889848078540655,0.9826217112731401,1.0065055219648156,1.0093140319820746,4066.5976701698146,3995.830015730454,4155.63681322239,4048.729983959184,4126.548249809176,4086.4400108282143,4110.773805893278,3978.370027786941,0.006363096580925376,-0.002808510017259014
0.9888636843330111,0.9966021378960518,1.0074757278305262,1.0176144381060221,4019.1628652193367,4013.2500116960955,4092.296686181011,3967.2000306758255,4089.136799154262,4037.0799906599204,4049.0846252724336,3953.719988024525,-0.007738453563040704,-0.010138710275495955
0.9917901957636138,0.9698636064246289,1.0084904835846409,1.0062947289771205,4027.512871814478,3814.9100160613348,4025.886972820968,3933.4499793134473,4052.6616892795373,3958.2099834278197,4023.8484824921316,3814.9100092183385,0.021926589338984948,0.002195754607520417
0.988117535973833,0.9872883908904403,1.0069045354458661,1.0129130491250138,3899.071237416889,3784.120010898121,3995.116261270001,3822.4900240891016,3997.3182396107372,3871.849992331931,3923.2169986085255,3773.900018757886,0.0008291450833927128,-0.006008513679147676
0.9895855849103827,0.9997365679795279,1.007926399940599,1.0366277470336467,3864.7572117090253,3895.539988935844,3903.694741814422,3758.07999390795,3931.0800593562394,3895.7299891820885,3878.9660551735897,3757.090009295409,-0.010150983069145192,-0.028701347093047724
0.9925304350314681,0.997466151269493,1.0096420581287424,1.0154528739497617,3915.6885978159858,3921.110018589695,3847.0769753366935,3883.420007019861,3935.621386377931,3943.429985264299,3847.86311987263,3873.57998767314,-0.004935716238024912,-0.005810815821019277
0.9920807270835434,0.9895802130021202,1.0083013505943583,1.0197506359101114,3917.073617665035,4016.239968051549,3937.7383621191625,3939.6200151850817,3957.867814784634,4017.4299946083743,3901.961243099427,3898.5700056015417,0.0025005140814232663,-0.011449285315753066
0.990744527916249,0.9983931320020792,1.0086509334203693,1.0111004039325915,3959.373241508118,4010.209995188572,3977.4104723035707,3995.3499783002835,3998.6842146281106,4039.6999766356835,3907.632712103332,3988.930015882395,-0.007648604085830235,-0.0024494705122222182
0.992290879340169,0.9931786660535976,1.008140131835362,1.0046807591850404,3941.9462183820924,3908.8100116799505,4014.664404563657,3928.8500184329873,4008.065439495448,3947.240002736175,3957.654475262799,3902.049996409854,-0.0008877867134285955,0.0034593726503215905
0.9915134783103238,0.9925307999867135,1.0070298576912677,1.0077652899316407,3869.182181140261,3877.440031546364,3956.6677009124173,3883.9499709304073,3946.0706228386443,3914.1099794096763,3900.2630743486548,3854.9400041705253,-0.001017321676389682,-0.0007354322403729796
0.9913591802798097,0.9968434531375341,1.0074836507946319,1.0293276240552829,3840.8014881087583,3919.8700259459074,3910.3756612890593,3820.6299953717307,3918.110855446233,3932.6800183353334,3864.6575643888755,3808.569976098427,-0.005484272857724348,-0.021843973260651017
0.991969965030157,0.9996401160542648,1.0097186239103177,1.0294466724416342,3859.29543495711,3976.419994869356,3846.971531531854,3917.929990210007,3925.6775066825376,4033.3000057415393,3828.023642002978,3916.520031466308,-0.007670151024107841,-0.01972804853131649
0.9926866865043458,0.9963645107214496,1.0099757740825683,1.0091089760015624,3892.44569598002,3958.7399939695,3911.849330515808,3949.9500267400927,3988.966490183864,3985.9300303033483,3890.4925933131176,3935.590004887796,-0.003677824217103831,0.0008667980810059817
0.9920153021002458,0.9933029098643504,1.0080871274799523,1.0050278379565785,3885.079157211976,3988.6000046498734,3932.0248477111486,3983.8199827719736,3957.7607099253173,4003.8500162958367,3904.1050329491186,3957.139970997578,-0.0012876077641046368,0.003059289523373865
0.9916837837438026,0.9832503108090677,1.0075253004360905,1.0007546697361889,3903.852985819629,3956.5400242918995,3958.005130048469,4015.000017131061,3967.832413567494,4018.0299707894237,3921.31343880131,3947.750003222043,0.008433472934734954,0.006770630699901581
0.9891683502142962,0.9983189289909784,1.0076268554123098,1.0111389889478064,3884.596893233612,4005.8900316110767,3983.444000290717,3961.7600006759194,3974.6951557409925,4005.89000280029,3919.4974400958745,3955.099969534035,-0.009150578776682239,-0.00351213353549662
0.9925368570013868,0.9874819740236233,1.0088984095518534,1.000580322029241,3913.4717629534634,3991.9099979668226,3944.2039084381377,4015.0099924497413,3964.8725535706103,4017.340031925659,3927.3688652235314,3964.7499712623585,0.005054882977763575,0.008318087522612316
0.9902159999045311,0.9988446788585404,1.0078515173499119,1.0155650921844663,3906.6319935128836,3999.5999868885488,3984.758867799955,3938.2999926453845,3970.9960899948355,3999.5999712986013,3937.8729519801796,3933.750029541782,-0.008628678954009317,-0.007713574834554482
0.9927140727459628,0.9999999998194835,1.0094294186129875,1.0141214981406832,3913.977517725112,4077.599994795284,3925.3162115792384,4020.8199795706278,3960.3674005908815,4077.599979323738,3924.0292901003722,4020.8200075921623,-0.007285927073520715,-0.004692079527695681
0.9929174922771606,0.9872848860776834,1.0093461399881511,0.9999999999534582,3964.7167611895684,4053.979968685369,3991.7073802193195,4080.9700130878114,4014.2953384012635,4080.9699692702548,3984.6664790574036,4029.0800265050993,0.0056326061994772525,0.009346140034692918
0.9905231424948959,0.9768756459233626,1.0085267259735264,1.0007180099065194,3952.946669098126,3959.149978583913,4044.526893475606,4052.870009005201,4020.3322190981016,4055.780013176658,3995.2728970562976,3959.149968543492,0.013647496571533302,0.00780871606700706
0.9890950387810948,0.9967270830420762,1.0078461087693196,1.0060230769891332,3899.311834003375,3983.179989308241,4032.733121064078,3959.7700250219177,4008.0388488750505,3983.6200207729808,3955.095730569955,3946.810012937283,-0.007632044260981408,0.0018230317801863904
0.9925106743355792,0.9876018141446147,1.007841545546893,1.0070391809781163,3919.5457057628446,3993.0400322819323,3964.5540271846025,3987.680029410474,3962.954047057821,4015.7499938125507,3950.1478659812847,3938.24001977599,0.004908860190964481,0.0008023645687766923
0.9909315153181089,0.9902230089864947,1.008030927319488,1.0070673751263937,3931.292173210328,4001.300024298819,3985.7037112397657,4022.710001192486,3988.3237260501955,4051.1400174061823,3946.5578608083315,3983.3800196929105,0.0007085063316141227,0.000963552193094408
0.9915761335162588,0.9956526709507437,1.0080868459398264,1.0049641119098274,3938.9644938430883,4029.020030403537,4013.30340957408,4020.860014742243,4013.20343574286,4040.8200221588218,3978.208549749015,4003.3799820932823,-0.004076537434484884,0.0031227340299990747
0.9923254441738135,0.9971774111033178,1.0078674724708345,1.0159830942780042,3954.903231325087,4091.5199964122567,4017.334844238224,4031.7600253794153,4005.7031260797808,4096.199983314005,3997.388140132262,4020.380016367412,-0.004851966929504292,-0.008115621807169626
0.9925627638542089,0.9932046530412736,1.009627717141696,1.0020261238315997,3990.108702521684,4083.1800286176644,4034.5836431019015,4086.6199934191313,4043.056536294233,4094.900012425436,4015.5808466906133,4058.850006304312,-0.0006418891870646481,0.007601593310096355
0.992096278991302,0.9985014761881398,1.0077398353399543,1.0066806101163919,3981.860957841466,4089.5699928683216,4087.93700327869,4063.9999875595954,4045.007100027045,4091.149992571665,4045.5739019745406,4057.910016019552,-0.006405197196837742,0.0010592252235623878
0.9928033597456075,0.9934922859177042,1.0079597292450173,1.0186015018507737,3985.5324818288464,4166.079975072268,4077.607527311259,4090.5299835994792,4044.9053267895847,4166.619977303754,4049.229743558363,4063.9100047396637,-0.0006889261720967044,-0.010641772605756383
0.9920803191101691,0.9974746082919803,1.0095573062876504,1.0077778230415273,4035.142494082237,4179.130014233681,4096.538807609491,4165.689992946917,4093.384414551664,4198.08997654417,4058.0657979494954,4155.170000081771,-0.005394289181811174,0.0017794832461230925
0.9925335686769754,0.99304538905697,1.0081944386827477,1.0089941849873776,4049.580899359549,4219.809977996221,4148.20794569209,4187.1499830563225,4115.368176220837,4224.809973132769,4122.395853192236,4158.029976159556,-0.000511820379994643,-0.000799746304629867
0.9919310952776175,0.9879289221333919,1.0084243505763955,1.0037348162348865,4082.893052772643,4175.669974311196,4164.190347722531,4211.719996346693,4138.101671905228,4227.450003307156,4134.751837381373,4160.880017165279,0.004002173144225574,0.004689534341508983
0.9909741178639587,0.9986901931478502,1.007837659024161,1.0230844381229498,4067.401711168436,4238.9899764740785,4189.1867556751395,4145.649979409352,4147.015266293544,4241.350013908844,4147.47171014326,4140.219968577061,-0.00771607528389151,-0.01524677909878891
0.9927446345641153,0.9910000329865114,1.009573040662227,1.0056669989674951,4117.527985471383,4189.349981669715,4151.551685903337,4194.46001709228,4163.789358520224,4218.2300093843105,4145.513176270631,4156.710002485304,0.0017446015776039214,0.0039060416947318544
0.9918840179145584,0.9902756789975024,1.007802220234607,1.0195186350418513,4102.60457227689,4222.309973959557,4197.043557681969,4143.220018558268,4158.063871535349,4224.09000171551,4164.143158467369,4102.930000265956,0.0016083389170560292,-0.011716414807244169
0.9918716265192252,0.9999999998194835,1.0093917742782241,1.028411012038065,4139.720895695282,4278.220002810687,4163.940027477265,4228.290004900993,4169.988280028165,4348.419981472428,4134.898346577391,4228.290010981273,-0.008128373300258285,-0.019019237759840824
0.9931662386286403,0.990425214002932,1.0101211144506554,1.004866794053478,4188.4108853410435,4250.060029540585,4228.205248166437,4282.080002852489,4252.502956965711,4302.919988039246,4217.23585240142,4241.080025351923,0.002741024625708244,0.005254320397177548
0.9920072999517644,0.9998696440178204,1.007695699350949,1.0235919823713342,4182.615820410909,4309.039990524874,4271.837693763726,4219.230005395384,4232.812197628073,4318.770022462671,4233.797749997584,4218.680014476456,-0.007862344066056015,-0.01589628302038526
0.9931774245845627,0.9942306310678347,1.0098522529174494,1.0105324519891954,4228.68334072664,4330.430064406217,4234.331031114261,4322.829983041925,4248.542776726361,4368.360044748513,4231.356570324149,4297.889959615144,-0.0010532064832720067,-0.0006801990717459905
0.9924688020108204,0.9905774599997818,1.0088391725059969,1.006797723135715,4256.268893829341,4325.5699464338595,4317.553909789988,4327.919939609764,4284.9981798468825,4357.340054793634,4289.053309119687,4287.139946708037,0.001891342011038688,0.0020414493702818337
0.9918964127264938,0.9855375238465979,1.008006139983802,1.0002954819226577,4270.27998082996,4270.620028467216,4327.306959624296,4331.900024814662,4288.766556677172,4333.179979073808,4294.260214153939,4269.250061146157,0.006358888879895885,0.007710658061144349
0.9885461669021834,0.9960121180120687,1.0086592223276154,1.0154092139819544,4244.299163457652,4343.880049381494,4336.3776708815085,4277.95999539228,4285.523580810828,4343.880004228422,4294.469777940649,4260.900030480332,-0.007465951109885238,-0.006749991654338983
0.9926908339489349,0.9980640939436041,1.0091381050017614,1.0105958140110562,4290.778876923917,4394.76994177952,4301.755013454191,4354.550023578686,4301.424569341867,4400.690054841023,4299.643566068025,4346.119965645008,-0.0053732599946691995,-0.001457709009294872
0.9930060431543103,0.9999999998194835,1.0087555364963676,1.0132205788867656,4322.747838823581,4444.2600238290215,4361.298962676001,4414.330033026442,4343.589667048346,4472.690031100125,4362.097018665748,4414.330063931119,-0.006993956665173218,-0.004465042390398022
0.9932962720272865,0.9920699230105778,1.0090201896742366,1.0124522240110445,4358.4169018295215,4490.520021413942,4415.752821433078,4442.580001631491,4391.8814056677265,4497.899963903463,4415.868013086427,4407.349947235114,0.0012263490167087054,-0.003432034336807943
0.992396358860503,0.9868693169752168,1.0090140453708625,1.006796743942699,4395.360357102463,4421.360047419803,4452.39825925368,4472.729967177078,4410.159150235664,4503.129947500118,4428.987077043794,4413.999954603382,0.005527041885286188,0.002217301428163454
0.9910331708451463,0.9999999998194835,1.0080746349484382,1.0219394445331766,4361.8548563908,4485.010058419392,4486.910050051909,4418.070041098544,4415.654095191914,4515.000027441106,4444.62262852083,4418.070022458405,-0.008966828974337204,-0.013864809584738458
0.9931463064814361,0.9910391309913794,1.0096410867562855,1.0025548390711194,4412.759338512289,4466.720033072855,4457.250548832833,4489.51996832992,4426.989258236277,4500.990009958079,4454.592142166691,4449.289992908264,0.0021071754900566786,0.0070862476851660805
0.9920275462710799,0.995637723936892,1.0081289375166502,1.0109753959851289,4416.515322274953,4496.029984408491,4518.328286987263,4447.220064632014,4423.703224461777,4496.029981898454,4479.001686951376,4427.820037245494,-0.0036101776658120643,-0.002846458468478641
0.9926221100808187,0.985348887953542,1.0090259792488565,1.0055177499430183,4450.554619474465,4489.539966779032,4496.360894594124,4505.459991993084,4424.58557413456,4530.320004167572,4477.024210208014,4439.450032602102,0.007273222127276657,0.003508229305838162
0.9893251008217095,0.9816645370942491,1.0082354523504418,1.0019841448413147,4458.95615857909,4423.970001711816,4546.310729596033,4475.479941607295,4453.457048864407,4484.3599390104055,4491.330449043061,4393.420048929804,0.00766056372746049,0.006251307509127058
0.9897233151375051,0.992296533040471,1.0083002601428228,1.0072447390606531,4426.642731969927,4443.470037151168,4533.675950786794,4425.279987205462,4438.195247556171,4457.339954331281,4475.2287439848415,4391.189956420794,-0.0025732179029659408,0.0010555210821696637
0.9922762191656102,0.9907857100096936,1.0083382057904462,1.0025581567588489,4444.324673704556,4428.780059532103,4505.499357680224,4468.0600451689625,4434.418839548654,4479.4899411223805,4481.967504663536,4426.889982032797,0.0014905091559165307,0.005780049031597345
0.9920760691675111,0.9828489718551708,1.0082850289400644,0.9999999999534582,4439.533087277277,4354.619959760619,4541.34007516167,4406.150003914999,4456.348947554843,4406.150040555229,4506.9192394475895,4330.580055795028,0.009227097312340282,0.008285028986606213
0.9894928251674526,0.9871273819541633,1.0099109389920096,1.004064191031429,4398.640501719114,4313.62002596192,4502.778572773124,4352.650026638147,4424.5013480070065,4370.340033634862,4458.002123833868,4296.619992470274,0.0023654432132893533,0.0058467479605806005
0.9914704900766645,0.9934111689459537,1.0083342652615894,1.0065169609342237,4378.182497006059,4321.460061489182,4471.490483619744,4313.35999124372,4413.346245305844,4341.469976171585,4437.874462640583,4284.940056818098,-0.0019406788692891697,0.0018173043273657097
0.9924922122591636,0.996272761283349,1.0083809848386776,1.010044512997002,4387.457144057081,4322.070019010527,4450.766323897001,4308.820016172235,4403.7055931674195,4352.09994786434,4426.970522350319,4292.760018272471,-0.0037805490241853423,-0.0016635281583243788
0.9926696034928576,0.9881520279717285,1.008937597340346,1.0105571150075041,4390.933647612466,4248.529982486274,4456.487470428032,4299.469995991981,4413.0874929236,4344.860010316726,4426.770628700417,4248.53000472268,0.00451757552112908,-0.0016195176671580658
0.9916666991793135,0.9895264130081401,1.0089099327767184,1.0090635009631563,4344.482377414422,4292.590010393595,4460.35052974667,4262.1499856141945,4405.258242438649,4300.779983008323,4398.059197712579,4217.509994156537,0.0021402861711733445,-0.000153568186437969
0.9918630961950887,0.9884293590157311,1.0083825840692244,0.9999999999534582,4368.241005897248,4269.340014471907,4438.799155006403,4288.43997146973,4372.522489173983,4288.439977966249,4375.549238706284,4238.819995159098,0.0034337371793575766,0.0083825841157662
0.9917482547185588,0.995034115914971,1.009360538227592,1.0028173407099032,4346.317470154742,4283.79996970773,4461.465756985412,4291.279991561858,4358.718582743479,4303.3700039194755,4381.093538787785,4269.970022701635,-0.0032858611964122764,0.006543197517688837
0.9926268055794764,0.9919655490716873,1.007743506575976,1.002995063947206,4344.513430770787,4236.05998522057,4465.350239807256,4270.360007630126,4362.21815134777,4283.149996751489,4392.925282341081,4236.050030834201,0.000661256507789032,0.004748442628769833
0.9925549698078675,0.9895385240091347,1.0076816229348908,1.0055694190486384,4305.671972940752,4238.229972347198,4445.363985873047,4251.789981154696,4344.751150746419,4275.4700316785165,4370.679463784027,4207.309986838822,0.0030164457987328364,0.0021122038862524395
0.992372794243856,0.9924396479881146,1.0077152913269452,1.0002149301644483,4300.378312635361,4212.639998942923,4423.817967008581,4233.9300099136335,4334.936512264379,4234.839968644475,4351.77673074226,4201.9200115433605,-6.685374425852153e-05,0.00750036116249686
0.9926646337342155,0.9986824927474718,1.0083917093336157,1.0094547750050127,4283.7349182801745,4245.979993296205,4403.37231282751,4220.090025152191,4307.907146630342,4259.989971318591,4344.266081198107,4214.530002408234,-0.006017859013256244,-0.0010630656713970232
0.9930011763596374,0.9955454840610616,1.0080818822457536,1.0014045770805857,4307.333327506241,4225.039992306134,4388.364479347576,4236.150020433304,4316.681983872626,4242.1000178795975,4346.483854217759,4217.280030355192,-0.00254430770142422,0.006677305165167846
0.9927993519158123,0.9954646919771296,1.007193830615069,1.0060462910644308,4300.765810336545,4225.670027428576,4396.318624397096,4242.269978866196,4300.490455694858,4267.919982707739,4342.859539929282,4223.0299864283925,-0.002665340061317356,0.001147539550638177
0.9928483664923742,0.98449042003623,1.0072679310022932,1.0040436108613962,4308.236618779622,4170.0999792893645,4395.826285514054,4226.420000864942,4311.070080679957,4243.509995649507,4341.077055533604,4160.870015859403,0.008357946456144183,0.003224320140897019
0.9901580549507637,0.992501171988089,1.0069898772227144,1.008633265965909,4272.596266743252,4188.679992121089,4377.5962232551165,4160.649979920927,4296.418581352063,4196.56999189292,4297.756299778994,4129.450019292015,-0.0023431170373252597,-0.0016433887431945848
0.992907352888642,0.9823978498997953,1.0075366066035525,0.9999999999534582,4275.521840924519,4107.019971384936,4317.746453525047,4144.379967359951,4268.511455289372,4144.3800278299395,4272.163686613081,4071.429993251556,0.010509502988846675,0.0075366066500942575
0.9901563117847414,0.9862327241429139,1.0078403430990497,1.0087852960106953,4211.681561191861,4066.9800146200496,4296.208133732047,4114.829993801012,4235.036226319896,4150.9799682881385,4230.029377164199,4058.179985044403,0.003923587641827542,-0.0009449529116456468
0.9916266913876085,0.993940491026518,1.007524428074862,1.0045776440810694,4176.48753422789,4101.539990941359,4267.017673336277,4089.4399959254515,4232.899798199839,4108.160025937708,4216.349180336731,4064.659970212771,-0.0023137996389095417,0.0029467839937926676
0.9929276246771745,0.997135995050266,1.0068684472547957,1.012130046047078,4191.705887382506,4156.909999248301,4243.13247571556,4109.629973985456,4200.073069919194,4159.479990793726,4213.057889663795,4097.860000524727,-0.004208370373091408,-0.005261598792282163
0.9929737126232683,0.9983027970373298,1.008087030386974,1.00328817909061,4224.670899072623,4148.070032261042,4256.660547660021,4142.110013298432,4222.036112500899,4155.729970939954,4224.279421090999,4135.0800259285115,-0.005329084414061547,0.004798851296363926
0.9930614087286431,0.9970460967894101,1.0065721717201894,1.0043777618061522,4216.569118552385,4156.290002926407,4281.339285229159,4143.66997907403,4213.36358840715,4161.809977033834,4237.367620091157,4131.430012920299,-0.0039846880607670165,0.0021944099140371875
0.9929908619479011,0.9863443880240068,1.0066131845025372,1.0027908930547753,4212.4319949955525,4109.7400178563,4280.868369849322,4149.210030054528,4209.430066277083,4160.790017526049,4225.802401404399,4092.5499694424643,0.0066464739238942805,0.0038222914477619163
0.9920993755200844,0.996446156955956,1.0064215093878903,1.0152684510018348,4172.195277739909,4193.539976242771,4281.837381678687,4130.740024559688,4200.565468818737,4193.809966482324,4193.508118495492,4116.059992802591,-0.004346781435871527,-0.008846941613944503
0.9929189017809085,0.9975223512712871,1.0082141318833382,1.00407366482715,4214.58551848928,4191.150005533451,4261.894242544679,4185.4199682240305,4214.206052149338,4202.470005132485,4201.568972330479,4175.050013045439,-0.004603449490378608,0.004140467056188202
0.9929234764560849,0.9986363642680508,1.0066350248154812,1.0095502390015285,4209.766894225858,4185.6799969650865,4302.859328095988,4180.00002275838,4215.273996253829,4219.919998535004,4236.129511410702,4174.299981338519,-0.005712887811965883,-0.0029152141860473435
0.992947273246388,0.9952249480621039,1.0075760148432757,1.0043598300020404,4206.123746581363,4177.840028363161,4295.870111020533,4190.530009326125,4222.321522992424,4208.799990053654,4239.8016465127075,4170.520017587726,-0.0022776748157159465,0.0032161848412353145
0.992955691133249,0.9934490040891976,1.006682407369396,1.0096160969990775,4201.380279471382,4216.960029445756,4299.52422423447,4182.569972813223,4213.449636734579,4222.790030826941,4241.164340996828,4155.170000081771,-0.0004933129559485661,-0.002933689629681435
0.9931047812524108,0.9923319989253215,1.0075619363614094,1.0014551368472828,4225.062746920711,4180.1000300680425,4288.925816353362,4205.789970659408,4223.162636956927,4211.910012818011,4234.24118538065,4173.540014559535,0.0007727823270892165,0.006106799514126626
0.9931901536023229,0.9943754418926186,1.0064411885704978,1.0026613651192977,4202.980932756219,4151.070027417044,4306.858024969295,4174.550017439793,4221.777225140888,4185.660008819381,4247.884953610555,4151.069994542932,-0.0011852882902957385,0.0037798234512000928
0.9931657615467194,0.9997678447993613,1.0063812603642903,1.01172626896022,4185.129134516305,4181.399987813775,4283.451307902985,4135.1600280132225,4209.411709300564,4183.649987379538,4236.7195222236,4134.199977245196,-0.006602083252641888,-0.005345008595929679
0.9931741229043424,0.9932655260232102,1.0079108570959403,1.0028403579432053,4206.362536183749,4161.079983145597,4253.011790321885,4175.5300088145505,4209.82345898342,4187.390018878439,4227.394860988423,4147.409980228844,-9.14031188677944e-05,0.005070499152735053
0.9933964247540384,0.9785322582278195,1.0063992358454867,1.0013385851375185,4201.138143602145,4082.4200244907834,4289.298116670006,4168.580023529341,4211.414779385329,4174.159970430777,4236.624874103749,4079.090000045719,0.014864166526218914,0.0050606507079682395
0.9912310479097418,0.9915618000154697,1.0063566111426283,1.0064324791237556,4157.622754087266,4116.240007360972,4284.569480873417,4093.290000296824,4201.25871463783,4119.619975929063,4193.459502876199,4058.7499932455476,-0.0003307521057278606,-7.586798112724225e-05
0.9934137689803022,0.9939120260703757,1.006757729386967,1.0029022648984098,4180.648148578008,4107.550020053912,4219.723683247375,4127.810025754097,4162.741863547662,4139.789973833815,4176.530073847528,4102.679967619044,-0.0004982570900734506,0.0038554644885571143
0.9932777664668417,0.9989468191160289,1.006233081428384,1.0071532619814518,4174.59548802579,4089.5199996415886,4247.147708855405,4063.8800159416446,4168.223985615903,4092.9499886036983,4199.778672344778,4059.5999717774193,-0.005669052649187156,-0.000920180553067862
0.9930619704491209,0.9902140869954947,1.00671102589367,1.0011275451382033,4159.0675382622485,4075.7899990563365,4190.677162013767,4088.5300326267975,4133.499604887705,4093.1399698128835,4170.72560734561,4048.519982010203,0.0028478834536261877,0.005583480755466663
0.9933740376227832,0.997407039701341,1.0060964834124102,1.013731347861517,4142.632616331792,4078.8399874390716,4209.850996537355,4057.139980987849,4128.9573330216335,4112.850030971419,4161.115014736469,4046.6199988289304,-0.004033002078557835,-0.007634864449106882
0.9929976473200641,0.9938369828857098,1.007899943432008,1.0060744831469,4134.622389672559,4043.7399905735747,4179.8015875599385,4066.1900051747784,4136.302485739805,4090.8900253895044,4155.341346957946,4041.1300104747047,-0.000839335565645638,0.0018254602851079937
0.993307673539754,0.9876863210070448,1.0065330163943946,1.0003304690380368,4102.378096936509,4023.6099869371164,4184.757446387401,4054.839967073395,4116.9305438914,4056.1800197936523,4145.458798309541,4004.9099831909393,0.005621352532709234,0.006202547356357835
0.9933152391396418,0.993100455989202,1.0063083898706449,1.001643223948461,4079.6327849810787,4015.429970697935,4171.053433922864,4010.410031569281,4089.3674761606544,4017.0000229267694,4114.7127970308875,3982.7400023506307,0.00021478315043976792,0.0046651659221839115
0.9932882560570959,0.9963001338585568,1.0059517824119149,1.0073376120358661,4065.965961913947,4052.279998200436,4126.021297133333,4024.470008929266,4058.0294176889624,4053.9999938543647,4091.817820865256,4009.579996930923,-0.0030118778014608383,-0.0013858296239512846
0.9929511419272897,0.9989213238084835,1.0066046884242552,1.0086343710256584,4080.2957473693214,4054.979967070703,4131.963842180303,4032.7199991683647,4072.7874144762154,4067.5400187474215,4100.199842463123,4028.370000021684,-0.0059701818811938034,-0.0020296826014032376
0.9930817903143495,0.9942968640775758,1.0067950228294773,1.0021161960137688,4075.2809649431756,4037.679968234288,4131.488307357588,4059.169991813466,4074.951513038818,4067.760032510101,4105.955560878119,4036.0200055099704,-0.001215073763226271,0.0046788268157085255
0.9932503637634137,0.9979410409740521,1.0058396264465672,1.0119538140280724,4058.934919860244,4093.7899699923505,4146.561482522299,4050.5900126765546,4069.3740966660052,4099.010017987837,4105.673272363911,4042.250024265241,-0.004690677210638428,-0.0061141875815051705
0.9932088517348973,0.9963837642071974,1.0075190106408065,1.0039153601855249,4087.78188171457,4111.109979504527,4132.48624091628,4112.009991294693,4084.624829797223,4128.11001007978,4103.499147427521,4097.139972735436,-0.003174912472300173,0.0036036504552816595
0.9932945426053236,0.9975061851516155,1.0060396229311583,1.007644083956338,4098.438202347791,4065.360019912822,4179.52462183256,4058.039968967823,4100.751703623872,4089.059996803977,4130.7758877756905,4047.919969891429,-0.004211642546291916,-0.0016044610251797486
0.9932726555404047,0.9804371537788448,1.0065570612196442,1.0024910197678907,4072.673018411272,4027.120020086335,4130.0396099017635,4078.6499815875495,4075.3115662363325,4088.8100179766866,4094.2293940239447,3998.8599879414455,0.012835501761559898,0.004066041451753488
0.9916689867498518,0.9798434321615723,1.0058049037546186,1.0014525687527602,4050.7803352491196,3932.680003923531,4141.404845300733,4013.5799736107733,4072.109151189427,4019.4099834947224,4061.2604534881666,3932.6800222806287,0.011825554588279497,0.004352335001858387
0.9915516479699925,0.9953900041191026,1.0057203263267491,1.0064224289675885,3994.944325820702,3927.999982033019,4079.8192362234377,3928.420008554584,4025.8130588775425,3953.6500294740736,4017.190195897145,3910.3100153227906,-0.0038383561491101004,-0.0007021026408393638
0.9933496092269554,0.993927489922975,1.0062932067717023,1.003015979958605,3992.2136382207555,3932.840022404279,4000.1937654266017,3945.649994904509,3981.331067774501,3957.550009628665,3997.2377893750463,3921.6899780324866,-0.0005778806960196059,0.003277226813097389
0.9935639913925255,0.9905414500003895,1.005774964293654,1.0007828998885493,3994.1954982250986,3903.7299770502373,4010.286779477402,3921.3199917984884,3979.92216982674,3924.3900212375565,3995.6447999205116,3884.2299875214817,0.00302254139213598,0.00499206440510469
0.9937910432512158,0.9961421147598903,1.0055776569009143,1.0064745380903235,3971.168564451606,3869.339991084888,3986.08056405084,3875.179992099442,3957.184422342642,3900.2699664260945,3964.700362135859,3860.2300326410355,-0.0023510715086745293,-0.0008968811894092266
0.9933733257271045,0.9908385289923264,1.0061865898279698,1.0060283049590788,3940.295906497207,3856.019975114049,3944.237717404134,3865.100032995908,3939.195395221558,3888.400021462875,3941.796113236302,3829.690018523149,0.0025347967347780775,0.00015828486889102322
0.9938009796624979,0.999569145770138,1.0060920826510311,1.0166388130355635,3920.141475112747,3836.680025080781,3932.4195088092624,3829.6000161638776,3927.05218776598,3893.3200286141355,3915.2209876772017,3827.949990002086,-0.0057681661076400825,-0.010546730384532355
0.993162440298686,0.9958013248319122,1.007598683545248,1.0127365010373766,3896.350655542828,3892.290027646177,3898.00030771395,3844.069985816458,3923.385854128688,3893.0300288784806,3905.43613390408,3827.9299873903333,-0.002638884533226249,-0.005137817492128605
0.993253610467397,0.9867532428817581,1.0072967314652335,0.9999999999534582,3918.2623455006865,3828.7100205490806,3903.5736990213104,3879.43998876341,3916.3681574769344,3879.4399947221887,3897.1988331892603,3828.050003060851,0.006500367585638878,0.007296731511775234
0.9937882111985112,0.9855938431188721,1.0057784983009979,1.002292771252026,3870.439975923688,3827.140019068586,3926.341527052965,3864.3200166338847,3901.7684896121496,3873.179995773995,3889.068433849835,3808.649986545439,0.008194368079639136,0.003485727048971876
0.9927658438993784,0.9916339490273892,1.0055009894520712,1.003978243972822,3858.5645433518207,3804.890021532233,3907.240197698038,3833.349999554659,3891.0023253509626,3848.6000042163178,3869.0154181646485,3801.2800176216933,0.0011318948719891697,0.0015227454792492434
0.9936752098729189,0.976133306454546,1.0057713399809864,1.0002364340457954,3834.193481110181,3720.9400165402258,3874.8396931407124,3806.559975744618,3866.5840371599666,3807.4599951728264,3854.7785923664132,3715.709970517528,0.017541903418372917,0.005534905935191015
0.9918352825675842,0.9930439820380238,1.0055561302956786,1.0020873408069153,3771.9005820941147,3727.690005641231,3845.599356151541,3732.0200094438605,3830.489699570223,3739.810014948545,3793.7434044225497,3706.060001906111,-0.001208699470439556,0.0034687894887632797
0.9933709179542853,0.9835234638143606,1.0054659261969097,1.0165033969569102,3763.4548053417384,3784.310011929841,3780.057495516664,3722.8699977505644,3780.8202428676086,3784.310025583683,3775.7977499894914,3661.5300154138404,0.009847454139924716,-0.0110374707600005
0.9916984202350956,0.998195090202898,1.0074217253947126,1.0072356130584734,3786.7586092343663,3752.669988061492,3765.7236320578854,3756.4200071517607,3796.3144084043433,3783.599975032409,3738.264239945222,3749.640029924652,-0.006496669967802404,0.0001861123362392192
0.9928546378211915,0.9993444911238597,1.0062320098642363,1.0211216595926471,3759.6960107149207,3842.470003685305,3785.1419623118063,3783.3200272610725,3789.41576214442,3863.229974590134,3779.6472592447226,3780.8399977627573,-0.006489853302668158,-0.014889649728410781
0.9929714853091705,0.99656745814033,1.0078462951347171,1.0071633389931236,3802.7666144401514,3846.410032124697,3802.4068957513355,3822.239971637625,3828.0034090741747,3849.6200312129863,3791.7260549233097,3809.119981687819,-0.003595972831159533,0.000682956141593527
0.9930094248140844,0.9910342669921085,1.0062576123087563,1.0011355911654458,3797.9180076257567,3838.2699703116996,3830.0169710950145,3865.829971919188,3818.273469141878,3870.2200007993424,3803.408639928036,3831.170013091424,0.0019751578219758814,0.005122021143310507
0.9933585510963687,0.9866909470402647,1.0055243814819768,1.003401724754545,3787.0789808225472,3776.5300084298606,3861.6188476219077,3827.4699843576695,3829.4123070219352,3840.4899999728555,3812.522743869297,3776.5300310343264,0.006667604056104004,0.0021226567274317265
0.9933089209101928,0.9947178491158845,1.0057876719643206,1.0153927052244742,3745.8684329883345,3754.929989766374,3827.8242755419305,3746.5799912841285,3813.262554463523,3804.250021370884,3777.0034041012077,3726.7900265185576,-0.0014089282056916064,-0.009605033260153606
0.993161769712835,0.9922214019559461,1.0075402703141305,1.0039425769114787,3729.5663578518065,3742.8899877908434,3760.9874310867276,3753.8900253200854,3790.9506618390897,3768.689993277808,3743.7547581699578,3724.6900172197556,0.0009403677568888824,0.0035976934026518137
0.9930125861030104,0.9710481983492563,1.0059522298069157,1.0091847460043648,3720.132595812086,3633.369986607654,3760.766769003711,3727.9199860952353,3767.164103349187,3762.1600050481416,3739.0492431058037,3619.9899888588425,0.02196438775375409,-0.003232516197449131
0.9928571081799529,0.9924791690692921,1.0065861690453108,1.0134706809553977,3657.091170364433,3627.450005536023,3738.3024852331,3621.9399911394576,3760.344250361634,3670.73001275573,3672.3734179983367,3594.6999979879606,0.00037793911066075214,-0.006884511910086877
0.9928746487055486,0.9999999998194835,1.0072412921123628,1.0185973672835178,3649.3181940248364,3656.8999981393154,3661.710515541716,3633.310013352425,3703.991436939878,3700.8799969089514,3650.8602447720937,3633.3100062071308,-0.0071253511139348635,-0.011356075171155
0.9930028393131557,0.9900208850075931,1.007550766979952,1.0047496220110674,3659.955273623673,3631.1400009164126,3668.3914684905776,3667.6599897530045,3716.229128833417,3685.0800054932038,3664.7534495445866,3631.060010437089,0.002981954305562584,0.002801144968884506
0.9927290286119205,0.9801229350775355,1.0061265916794042,1.0038001087543709,3639.9511230834282,3541.330013417388,3691.037617718869,3605.1599987795194,3701.6775805431075,3618.8600134930134,3658.7003413058465,3533.4999871985765,0.012606093534385021,0.0023264829250333463
0.9924976500923205,0.9975574329436792,1.0060157888183299,1.0139477421401843,3582.7835002248817,3508.699996501585,3646.1035938791742,3504.510004050153,3655.090948584494,3553.389991719135,3597.9572444806267,3495.9499849346835,-0.005059782851358663,-0.007931953321854479
0.9927471758950244,0.9993749678375551,1.007346271460542,1.0324874568991622,3552.5118317966703,3634.170012086056,3575.529754032008,3519.820009347956,3604.339543833905,3634.1700018646093,3564.233172234269,3517.61999983189,-0.006627791942530714,-0.025141185438620317
0.9927893373885776,0.9973566236966367,1.0086580068946929,1.0229534552683737,3604.5002366760823,3677.8100165784144,3576.8998874846716,3620.370016570955,3645.357735441311,3703.469984075662,3560.527191653437,3610.8000140839295,-0.0045672863080591375,-0.014295448373680797
0.9926996680400757,0.9954568648518659,1.0081492935465095,1.0068860320031552,3618.644672410657,3647.900012671308,3634.7687530753774,3645.0600014792763,3682.497948270394,3670.1600016392904,3599.369680558875,3628.500007301784,-0.002757196811790208,0.0012632615433543215
0.992672591466867,0.9999999998194835,1.006712597383366,1.0373234403574507,3593.8872836612313,3767.1700315741737,3645.6874423294075,3646.7699987257606,3656.422740481991,3782.8800036151497,3603.232602161391,3646.770008720783,-0.007327408352616471,-0.030610842974084784
0.9928913260731641,0.9978292832916961,1.0096284816382326,1.010193046993667,3651.5273324736045,3775.2999876612853,3640.3906150587404,3754.520010211222,3722.7074880666264,3792.790003890645,3609.453580001084,3746.3700003059316,-0.004937957218531963,-0.0005645653554344765
0.9928460268963007,0.9866654650885283,1.007566957307877,1.001446871254156,3649.7552164753943,3749.3300121935704,3709.1591230701574,3773.659968820366,3726.4172170564957,3779.119995406508,3663.9009872446995,3723.339973394061,0.006180561807772489,0.006120086053720941
0.9928192481886923,0.9894661909665914,1.0066059919491352,1.0025674658801567,3630.1315699386178,3714.270003216926,3715.4235897270146,3750.780002139121,3715.8976234339434,3760.409984534901,3653.1881977409207,3711.269986812703,0.003353057222100886,0.004038526068978587
0.9927390040035289,0.9943649060229334,1.0067030152802798,1.0042595562694856,3610.283656597581,3685.690006531861,3690.8234496352616,3685.829999254519,3703.42446282323,3701.5300160976785,3651.0720273915636,3665.060012751535,-0.0016259020194044904,0.0024434590107942356
0.9927482553860503,0.9892627830052514,1.0069517869685274,1.0108613009638103,3599.5888538955887,3788.439974475616,3638.6807517091506,3787.7599813519664,3666.6550001798164,3828.8999989015365,3628.906583567497,3747.0900280952233,0.003485472380798882,-0.003909513995282943
0.9927946348304401,0.9904770390018057,1.0079916045156834,1.0079279439845592,3666.6554702739563,3794.0200082979964,3711.855840010375,3818.139981763223,3755.372445491706,3848.4100230071326,3682.0073580268254,3781.7799880475172,0.0023175958286343334,6.366053112416559e-05
0.9927900688520694,0.9964554637806148,1.0073475102075837,1.0218293818216155,3679.3367842912126,3865.970032665994,3738.2575962990395,3788.9299724207776,3775.5577633731837,3871.6399669241214,3709.9746190002597,3775.5000289966783,-0.00366539492854534,-0.014481871614031805
0.9927540280462324,0.9918410900149898,1.0088325151444377,1.004369548743573,3732.5130135142263,3834.3899738995897,3721.983801150779,3860.809976479005,3797.234889296732,3877.68001959852,3714.518225506699,3829.3099688998436,0.0009129380312425939,0.004462966400864632
0.9927974375314249,0.9883023179394972,1.0070506081429071,1.000122995803879,3719.4542405963352,3818.6599765436695,3783.8106924329263,3821.2700225299955,3804.5488621503764,3821.739968192883,3754.710360834949,3776.5699700240184,0.004495119591927721,0.006927612339028055
